GraduationYear,FieldofStudy,NFQLevel,Institutions,NumberofGraduates
1,1,1,1,10
1,1,2,2,10
1,1,2,3,40
1,1,2,4,30
1,1,2,5,60
1,1,2,6,30
1,1,2,1,160
1,1,2,7,10
1,1,2,8,90
1,1,2,9,60
1,1,2,10,420
1,1,2,11,360
1,1,2,12,280
1,1,3,3,10
1,1,3,4,120
1,1,3,5,20
1,1,3,13,150
1,1,3,1,10
1,1,3,8,10
1,1,3,9,30
1,1,3,14,80
1,1,3,10,130
1,1,3,11,150
1,1,3,12,100
1,1,3,15,10
1,2,1,6,10
1,2,1,7,10
1,2,4,16,10
1,2,4,17,60
1,2,4,18,10
1,2,4,19,20
1,2,4,20,30
1,2,4,6,10
1,2,4,21,50
1,2,4,1,70
1,2,4,7,20
1,2,4,22,30
1,2,4,23,10
1,2,4,12,10
1,2,2,2,130
1,2,2,16,20
1,2,2,4,570
1,2,2,17,60
1,2,2,18,20
1,2,2,5,150
1,2,2,19,40
1,2,2,20,90
1,2,2,13,460
1,2,2,6,160
1,2,2,21,50
1,2,2,1,710
1,2,2,7,120
1,2,2,8,170
1,2,2,22,10
1,2,2,9,10
1,2,2,14,510
1,2,2,10,130
1,2,2,11,150
1,2,2,23,30
1,2,2,24,20
1,2,2,25,20
1,2,2,12,330
1,2,2,15,40
1,2,3,2,10
1,2,3,4,140
1,2,3,17,10
1,2,3,5,70
1,2,3,20,20
1,2,3,13,180
1,2,3,6,30
1,2,3,1,150
1,2,3,8,100
1,2,3,14,120
1,2,3,10,20
1,2,3,11,10
1,2,3,12,170
1,2,3,15,10
1,2,5,4,10
1,2,5,1,10
1,2,5,14,10
1,2,5,12,10
1,3,4,19,10
1,3,4,21,20
1,3,2,4,280
1,3,2,5,110
1,3,2,19,10
1,3,2,20,70
1,3,2,13,330
1,3,2,6,30
1,3,2,21,20
1,3,2,1,100
1,3,2,8,30
1,3,2,14,170
1,3,2,24,10
1,3,2,12,260
1,3,2,15,10
1,3,3,4,150
1,3,3,5,90
1,3,3,13,130
1,3,3,6,50
1,3,3,1,180
1,3,3,8,20
1,3,3,14,30
1,3,3,12,130
1,3,5,14,10
1,3,5,12,10
1,4,1,16,70
1,4,1,26,10
1,4,1,18,50
1,4,1,6,150
1,4,1,7,80
1,4,1,23,50
1,4,1,24,30
1,4,1,25,30
1,4,1,15,40
1,4,4,16,100
1,4,4,26,30
1,4,4,4,10
1,4,4,17,220
1,4,4,18,50
1,4,4,19,110
1,4,4,20,30
1,4,4,13,20
1,4,4,6,40
1,4,4,21,140
1,4,4,7,70
1,4,4,22,80
1,4,4,23,120
1,4,4,24,140
1,4,4,25,30
1,4,4,15,50
1,4,2,16,130
1,4,2,26,50
1,4,2,4,460
1,4,2,17,260
1,4,2,18,160
1,4,2,5,470
1,4,2,19,170
1,4,2,20,70
1,4,2,13,590
1,4,2,6,410
1,4,2,21,180
1,4,2,1,630
1,4,2,7,130
1,4,2,8,490
1,4,2,22,70
1,4,2,14,180
1,4,2,23,160
1,4,2,24,140
1,4,2,25,30
1,4,2,12,160
1,4,2,15,270
1,4,3,16,40
1,4,3,4,190
1,4,3,17,40
1,4,3,5,310
1,4,3,19,30
1,4,3,13,650
1,4,3,6,370
1,4,3,21,20
1,4,3,1,170
1,4,3,8,200
1,4,3,14,50
1,4,3,23,10
1,4,3,25,10
1,4,3,12,110
1,4,3,15,90
1,5,1,18,10
1,5,1,7,10
1,5,1,24,10
1,5,4,16,10
1,5,4,17,80
1,5,4,18,20
1,5,4,19,10
1,5,4,6,10
1,5,4,21,20
1,5,4,7,10
1,5,4,22,10
1,5,4,23,20
1,5,4,24,20
1,5,4,15,10
1,5,2,16,10
1,5,2,4,370
1,5,2,17,50
1,5,2,18,10
1,5,2,5,190
1,5,2,19,20
1,5,2,13,270
1,5,2,6,50
1,5,2,21,30
1,5,2,1,300
1,5,2,7,20
1,5,2,8,130
1,5,2,14,200
1,5,2,10,30
1,5,2,23,30
1,5,2,24,20
1,5,2,12,320
1,5,2,15,20
1,5,3,16,10
1,5,3,4,80
1,5,3,17,10
1,5,3,5,10
1,5,3,13,50
1,5,3,1,60
1,5,3,8,10
1,5,3,14,50
1,5,3,23,10
1,5,3,12,50
1,5,3,15,10
1,5,5,4,30
1,5,5,17,10
1,5,5,5,30
1,5,5,13,50
1,5,5,1,30
1,5,5,8,10
1,5,5,14,20
1,5,5,12,50
1,6,1,17,10
1,6,1,18,10
1,6,1,7,20
1,6,1,15,10
1,6,4,16,20
1,6,4,26,10
1,6,4,17,10
1,6,4,18,30
1,6,4,19,20
1,6,4,20,20
1,6,4,21,10
1,6,4,7,20
1,6,4,22,20
1,6,4,23,10
1,6,4,24,20
1,6,4,25,10
1,6,4,15,20
1,6,2,16,30
1,6,2,26,10
1,6,2,4,170
1,6,2,17,20
1,6,2,18,70
1,6,2,5,50
1,6,2,19,20
1,6,2,20,10
1,6,2,13,40
1,6,2,6,60
1,6,2,21,50
1,6,2,1,20
1,6,2,7,30
1,6,2,8,60
1,6,2,22,20
1,6,2,14,30
1,6,2,23,10
1,6,2,24,10
1,6,2,25,20
1,6,2,12,40
1,6,2,15,30
1,6,3,16,20
1,6,3,4,160
1,6,3,17,10
1,6,3,5,70
1,6,3,13,10
1,6,3,6,30
1,6,3,1,20
1,6,3,8,40
1,6,3,14,10
1,6,3,12,50
1,6,3,15,30
1,6,5,8,10
1,6,5,12,10
1,7,1,16,40
1,7,1,18,10
1,7,1,7,70
1,7,1,24,30
1,7,1,25,20
1,7,1,15,30
1,7,4,16,40
1,7,4,26,10
1,7,4,17,210
1,7,4,18,100
1,7,4,19,70
1,7,4,6,190
1,7,4,21,190
1,7,4,7,100
1,7,4,22,80
1,7,4,23,110
1,7,4,24,40
1,7,4,25,30
1,7,4,15,110
1,7,2,16,40
1,7,2,26,10
1,7,2,4,160
1,7,2,17,280
1,7,2,18,80
1,7,2,5,40
1,7,2,19,70
1,7,2,13,290
1,7,2,6,400
1,7,2,21,110
1,7,2,1,200
1,7,2,7,140
1,7,2,8,310
1,7,2,22,30
1,7,2,14,20
1,7,2,23,90
1,7,2,24,20
1,7,2,25,10
1,7,2,12,150
1,7,2,15,120
1,7,3,4,80
1,7,3,17,10
1,7,3,5,100
1,7,3,13,70
1,7,3,6,80
1,7,3,21,20
1,7,3,1,30
1,7,3,8,80
1,7,3,14,20
1,7,3,12,70
1,7,3,15,30
1,7,5,4,20
1,7,5,5,10
1,7,5,13,20
1,7,5,1,10
1,7,5,8,20
1,7,5,12,10
1,8,1,19,20
1,8,1,8,10
1,8,1,25,10
1,8,1,15,30
1,8,4,16,10
1,8,4,26,10
1,8,4,17,20
1,8,4,19,10
1,8,4,21,40
1,8,4,25,10
1,8,4,15,40
1,8,2,16,10
1,8,2,13,170
1,8,2,8,20
1,8,2,15,30
1,8,3,13,20
1,8,5,13,20
1,9,1,16,70
1,9,1,18,20
1,9,1,6,10
1,9,4,16,50
1,9,4,26,10
1,9,4,17,80
1,9,4,18,10
1,9,4,19,20
1,9,4,22,20
1,9,4,23,50
1,9,4,25,20
1,9,4,12,20
1,9,4,15,40
1,9,2,16,130
1,9,2,3,40
1,9,2,26,30
1,9,2,4,450
1,9,2,17,50
1,9,2,18,70
1,9,2,5,180
1,9,2,19,120
1,9,2,13,490
1,9,2,6,140
1,9,2,21,50
1,9,2,1,270
1,9,2,7,50
1,9,2,8,180
1,9,2,22,50
1,9,2,27,200
1,9,2,23,100
1,9,2,24,10
1,9,2,25,70
1,9,2,12,470
1,9,2,15,230
1,9,3,2,10
1,9,3,4,70
1,9,3,5,20
1,9,3,13,60
1,9,3,1,70
1,9,3,8,40
1,9,3,14,20
1,9,3,27,140
1,9,3,12,140
1,9,5,5,10
1,9,5,13,10
1,9,5,27,10
1,9,5,12,20
1,10,1,16,30
1,10,1,8,170
1,10,1,15,10
1,10,4,16,40
1,10,4,17,110
1,10,4,18,10
1,10,4,19,30
1,10,4,6,50
1,10,4,21,40
1,10,4,7,10
1,10,4,22,10
1,10,4,23,120
1,10,4,24,10
1,10,4,25,60
1,10,4,15,40
1,10,2,16,30
1,10,2,17,30
1,10,2,19,20
1,10,2,6,180
1,10,2,21,20
1,10,2,1,40
1,10,2,7,30
1,10,2,23,40
1,10,2,25,30
1,10,2,15,50
1,10,3,6,20
1,10,3,1,20
1,10,3,8,20
1,10,3,23,10
1,10,3,15,10
2,1,2,2,10
2,1,2,3,50
2,1,2,4,30
2,1,2,5,60
2,1,2,6,40
2,1,2,1,180
2,1,2,7,10
2,1,2,8,120
2,1,2,9,60
2,1,2,10,460
2,1,2,11,360
2,1,2,12,270
2,1,3,3,10
2,1,3,4,140
2,1,3,5,10
2,1,3,13,110
2,1,3,1,10
2,1,3,8,20
2,1,3,9,20
2,1,3,14,70
2,1,3,10,70
2,1,3,11,80
2,1,3,12,90
2,1,3,15,10
2,1,5,8,10
2,2,1,16,10
2,2,1,7,10
2,2,4,17,50
2,2,4,18,10
2,2,4,19,30
2,2,4,20,10
2,2,4,6,10
2,2,4,21,50
2,2,4,1,60
2,2,4,7,30
2,2,4,22,20
2,2,4,23,20
2,2,2,2,140
2,2,2,16,20
2,2,2,4,550
2,2,2,17,70
2,2,2,18,20
2,2,2,5,160
2,2,2,19,40
2,2,2,20,100
2,2,2,13,430
2,2,2,6,190
2,2,2,21,40
2,2,2,1,720
2,2,2,7,120
2,2,2,8,230
2,2,2,22,20
2,2,2,9,20
2,2,2,14,610
2,2,2,10,140
2,2,2,11,170
2,2,2,23,30
2,2,2,24,30
2,2,2,25,20
2,2,2,12,440
2,2,2,15,60
2,2,3,2,20
2,2,3,4,130
2,2,3,17,20
2,2,3,5,60
2,2,3,20,20
2,2,3,13,210
2,2,3,6,30
2,2,3,1,140
2,2,3,8,80
2,2,3,9,10
2,2,3,14,110
2,2,3,10,20
2,2,3,11,10
2,2,3,12,140
2,2,3,15,10
2,2,5,13,10
2,2,5,1,10
2,2,5,12,10
2,3,4,21,20
2,3,2,4,340
2,3,2,5,130
2,3,2,19,10
2,3,2,20,60
2,3,2,13,290
2,3,2,6,10
2,3,2,21,20
2,3,2,1,100
2,3,2,8,30
2,3,2,14,190
2,3,2,12,210
2,3,2,15,30
2,3,3,4,150
2,3,3,5,70
2,3,3,13,120
2,3,3,6,50
2,3,3,1,150
2,3,3,8,50
2,3,3,14,20
2,3,3,12,120
2,3,5,13,10
2,3,5,14,10
2,3,5,12,10
2,4,1,16,60
2,4,1,18,30
2,4,1,6,140
2,4,1,7,70
2,4,1,23,40
2,4,1,24,20
2,4,1,25,20
2,4,1,15,30
2,4,4,16,90
2,4,4,26,30
2,4,4,4,10
2,4,4,17,170
2,4,4,18,40
2,4,4,19,90
2,4,4,20,20
2,4,4,13,10
2,4,4,6,20
2,4,4,21,110
2,4,4,7,100
2,4,4,22,90
2,4,4,23,150
2,4,4,24,120
2,4,4,25,40
2,4,4,15,60
2,4,2,16,140
2,4,2,26,50
2,4,2,4,490
2,4,2,17,240
2,4,2,18,150
2,4,2,5,390
2,4,2,19,180
2,4,2,20,60
2,4,2,13,560
2,4,2,6,400
2,4,2,21,170
2,4,2,1,620
2,4,2,7,110
2,4,2,8,510
2,4,2,22,60
2,4,2,14,210
2,4,2,23,180
2,4,2,24,160
2,4,2,25,40
2,4,2,12,190
2,4,2,15,290
2,4,3,16,40
2,4,3,4,150
2,4,3,17,30
2,4,3,5,270
2,4,3,19,20
2,4,3,13,700
2,4,3,6,340
2,4,3,21,20
2,4,3,1,140
2,4,3,7,10
2,4,3,8,140
2,4,3,22,20
2,4,3,14,80
2,4,3,25,10
2,4,3,12,120
2,4,3,15,60
2,4,5,4,10
2,5,1,18,10
2,5,1,7,20
2,5,1,24,10
2,5,4,16,10
2,5,4,17,80
2,5,4,18,10
2,5,4,19,10
2,5,4,6,30
2,5,4,21,10
2,5,4,7,10
2,5,4,22,10
2,5,4,24,20
2,5,2,16,10
2,5,2,4,390
2,5,2,17,40
2,5,2,18,20
2,5,2,5,180
2,5,2,19,10
2,5,2,13,270
2,5,2,6,50
2,5,2,21,50
2,5,2,1,250
2,5,2,7,40
2,5,2,8,130
2,5,2,22,10
2,5,2,14,210
2,5,2,10,30
2,5,2,23,30
2,5,2,24,10
2,5,2,12,320
2,5,2,15,20
2,5,3,16,10
2,5,3,4,70
2,5,3,17,10
2,5,3,5,30
2,5,3,13,50
2,5,3,1,60
2,5,3,8,10
2,5,3,14,50
2,5,3,12,70
2,5,3,15,10
2,5,5,4,50
2,5,5,17,10
2,5,5,5,30
2,5,5,13,10
2,5,5,1,30
2,5,5,8,20
2,5,5,14,20
2,5,5,12,60
2,6,1,7,10
2,6,1,15,10
2,6,4,16,20
2,6,4,26,20
2,6,4,17,10
2,6,4,18,30
2,6,4,19,20
2,6,4,20,10
2,6,4,21,20
2,6,4,7,20
2,6,4,22,10
2,6,4,23,10
2,6,4,24,30
2,6,4,25,30
2,6,4,15,20
2,6,2,16,20
2,6,2,4,170
2,6,2,17,20
2,6,2,18,40
2,6,2,5,40
2,6,2,19,30
2,6,2,20,10
2,6,2,13,30
2,6,2,6,60
2,6,2,21,40
2,6,2,1,20
2,6,2,7,30
2,6,2,8,80
2,6,2,22,30
2,6,2,14,40
2,6,2,23,10
2,6,2,24,10
2,6,2,25,10
2,6,2,12,30
2,6,2,15,240
2,6,3,16,10
2,6,3,4,120
2,6,3,5,90
2,6,3,13,10
2,6,3,6,10
2,6,3,21,10
2,6,3,1,30
2,6,3,8,50
2,6,3,14,10
2,6,3,12,30
2,6,3,15,20
2,6,5,5,10
2,6,5,12,10
2,7,1,16,10
2,7,1,7,60
2,7,1,24,30
2,7,1,25,10
2,7,1,15,20
2,7,4,16,40
2,7,4,26,10
2,7,4,17,180
2,7,4,18,80
2,7,4,19,80
2,7,4,6,200
2,7,4,21,140
2,7,4,7,100
2,7,4,22,80
2,7,4,23,120
2,7,4,24,40
2,7,4,25,20
2,7,4,15,70
2,7,2,16,30
2,7,2,4,150
2,7,2,17,250
2,7,2,18,70
2,7,2,5,40
2,7,2,19,50
2,7,2,13,320
2,7,2,6,420
2,7,2,21,80
2,7,2,1,210
2,7,2,7,130
2,7,2,8,280
2,7,2,22,20
2,7,2,14,40
2,7,2,23,90
2,7,2,24,20
2,7,2,25,10
2,7,2,12,150
2,7,2,15,130
2,7,3,4,70
2,7,3,17,10
2,7,3,5,70
2,7,3,13,110
2,7,3,6,50
2,7,3,21,10
2,7,3,1,10
2,7,3,8,60
2,7,3,14,30
2,7,3,12,50
2,7,3,15,10
2,7,5,4,10
2,7,5,5,10
2,7,5,13,10
2,7,5,6,10
2,7,5,1,20
2,7,5,8,30
2,7,5,12,20
2,8,1,19,50
2,8,1,8,10
2,8,1,25,10
2,8,1,15,50
2,8,4,16,20
2,8,4,26,10
2,8,4,17,20
2,8,4,19,30
2,8,4,21,30
2,8,4,22,10
2,8,4,25,10
2,8,4,15,40
2,8,2,19,10
2,8,2,13,200
2,8,2,21,10
2,8,2,8,10
2,8,2,15,30
2,8,3,13,20
2,9,1,16,60
2,9,1,18,20
2,9,1,6,20
2,9,4,16,50
2,9,4,26,20
2,9,4,4,10
2,9,4,17,100
2,9,4,18,30
2,9,4,19,20
2,9,4,22,30
2,9,4,23,60
2,9,4,25,20
2,9,4,12,20
2,9,4,15,80
2,9,2,16,150
2,9,2,3,40
2,9,2,26,20
2,9,2,4,470
2,9,2,17,70
2,9,2,18,50
2,9,2,5,210
2,9,2,19,150
2,9,2,13,330
2,9,2,6,130
2,9,2,21,50
2,9,2,1,240
2,9,2,7,50
2,9,2,8,160
2,9,2,22,60
2,9,2,27,210
2,9,2,23,80
2,9,2,24,10
2,9,2,25,60
2,9,2,12,490
2,9,2,15,220
2,9,3,2,10
2,9,3,16,10
2,9,3,4,60
2,9,3,5,20
2,9,3,13,50
2,9,3,1,70
2,9,3,8,60
2,9,3,14,20
2,9,3,27,140
2,9,3,12,100
2,9,5,4,10
2,9,5,13,10
2,9,5,27,10
2,9,5,12,20
2,10,1,16,40
2,10,1,17,20
2,10,1,19,10
2,10,1,6,20
2,10,1,21,10
2,10,1,7,10
2,10,1,8,170
2,10,1,24,10
2,10,1,25,10
2,10,1,15,10
2,10,4,16,40
2,10,4,17,120
2,10,4,18,20
2,10,4,19,30
2,10,4,6,50
2,10,4,21,90
2,10,4,7,10
2,10,4,22,20
2,10,4,23,110
2,10,4,24,10
2,10,4,25,60
2,10,4,15,30
2,10,2,16,20
2,10,2,17,40
2,10,2,18,10
2,10,2,19,20
2,10,2,6,170
2,10,2,21,40
2,10,2,1,20
2,10,2,7,40
2,10,2,22,10
2,10,2,23,50
2,10,2,25,80
2,10,2,15,50
2,10,3,13,10
2,10,3,6,30
2,10,3,8,10
2,10,3,15,20
3,1,2,2,10
3,1,2,3,50
3,1,2,4,20
3,1,2,5,90
3,1,2,13,110
3,1,2,6,30
3,1,2,1,20
3,1,2,7,10
3,1,2,8,140
3,1,2,9,60
3,1,2,14,100
3,1,2,10,400
3,1,2,11,350
3,1,2,12,180
3,1,2,15,10
3,1,3,4,140
3,1,3,5,20
3,1,3,13,10
3,1,3,1,150
3,1,3,8,30
3,1,3,9,20
3,1,3,14,20
3,1,3,10,50
3,1,3,11,70
3,1,3,12,80
3,1,3,15,10
3,1,5,8,10
3,2,1,7,10
3,2,4,16,10
3,2,4,17,20
3,2,4,18,20
3,2,4,19,40
3,2,4,20,10
3,2,4,21,50
3,2,4,1,80
3,2,4,7,20
3,2,4,22,20
3,2,4,23,20
3,2,2,2,160
3,2,2,16,20
3,2,2,4,550
3,2,2,17,70
3,2,2,18,20
3,2,2,5,160
3,2,2,19,40
3,2,2,20,100
3,2,2,13,490
3,2,2,6,170
3,2,2,21,40
3,2,2,1,790
3,2,2,7,140
3,2,2,8,250
3,2,2,22,20
3,2,2,9,20
3,2,2,14,580
3,2,2,10,170
3,2,2,11,150
3,2,2,23,40
3,2,2,24,40
3,2,2,25,30
3,2,2,12,510
3,2,2,15,70
3,2,3,2,10
3,2,3,4,10
3,2,3,17,20
3,2,3,5,70
3,2,3,20,20
3,2,3,13,180
3,2,3,6,40
3,2,3,1,130
3,2,3,8,80
3,2,3,9,10
3,2,3,14,150
3,2,3,10,20
3,2,3,11,10
3,2,3,12,140
3,2,3,15,10
3,2,5,4,10
3,2,5,13,10
3,2,5,1,20
3,2,5,14,10
3,2,5,10,10
3,2,5,12,20
3,3,4,21,30
3,3,2,4,370
3,3,2,5,120
3,3,2,19,10
3,3,2,20,70
3,3,2,13,480
3,3,2,6,20
3,3,2,21,20
3,3,2,1,100
3,3,2,8,40
3,3,2,14,150
3,3,2,12,230
3,3,2,15,20
3,3,3,4,60
3,3,3,5,80
3,3,3,13,190
3,3,3,6,40
3,3,3,1,160
3,3,3,8,60
3,3,3,14,40
3,3,3,12,110
3,3,5,13,10
3,3,5,8,10
3,3,5,12,10
3,4,1,16,80
3,4,1,26,10
3,4,1,18,30
3,4,1,6,130
3,4,1,7,40
3,4,1,23,30
3,4,1,24,10
3,4,1,25,20
3,4,1,15,30
3,4,4,16,70
3,4,4,26,30
3,4,4,4,10
3,4,4,17,130
3,4,4,18,60
3,4,4,19,140
3,4,4,20,20
3,4,4,6,20
3,4,4,21,120
3,4,4,7,80
3,4,4,22,60
3,4,4,23,140
3,4,4,24,120
3,4,4,25,20
3,4,4,15,50
3,4,2,16,120
3,4,2,26,40
3,4,2,4,490
3,4,2,17,270
3,4,2,18,160
3,4,2,5,430
3,4,2,19,190
3,4,2,20,70
3,4,2,13,620
3,4,2,6,480
3,4,2,21,180
3,4,2,1,620
3,4,2,7,90
3,4,2,8,520
3,4,2,22,90
3,4,2,14,300
3,4,2,23,150
3,4,2,24,190
3,4,2,25,40
3,4,2,12,240
3,4,2,15,290
3,4,3,16,30
3,4,3,4,90
3,4,3,17,20
3,4,3,18,10
3,4,3,5,180
3,4,3,19,30
3,4,3,13,780
3,4,3,6,300
3,4,3,21,20
3,4,3,1,170
3,4,3,7,10
3,4,3,8,150
3,4,3,22,10
3,4,3,14,110
3,4,3,25,10
3,4,3,12,120
3,4,3,15,60
3,4,5,12,10
3,5,1,16,10
3,5,1,18,10
3,5,1,23,10
3,5,1,24,10
3,5,4,16,10
3,5,4,17,70
3,5,4,18,10
3,5,4,19,30
3,5,4,6,50
3,5,4,21,10
3,5,4,7,20
3,5,4,22,20
3,5,4,23,10
3,5,4,24,40
3,5,4,15,10
3,5,2,16,20
3,5,2,4,310
3,5,2,17,80
3,5,2,18,10
3,5,2,5,210
3,5,2,19,10
3,5,2,13,350
3,5,2,6,70
3,5,2,21,40
3,5,2,1,300
3,5,2,7,40
3,5,2,8,140
3,5,2,22,10
3,5,2,14,220
3,5,2,10,30
3,5,2,23,50
3,5,2,24,20
3,5,2,25,10
3,5,2,12,320
3,5,2,15,20
3,5,3,4,20
3,5,3,5,20
3,5,3,13,80
3,5,3,6,10
3,5,3,1,50
3,5,3,8,10
3,5,3,14,40
3,5,3,12,60
3,5,5,4,30
3,5,5,5,30
3,5,5,13,50
3,5,5,6,10
3,5,5,1,30
3,5,5,8,10
3,5,5,14,20
3,5,5,12,50
3,6,1,7,10
3,6,1,24,10
3,6,1,15,10
3,6,4,16,20
3,6,4,26,30
3,6,4,17,10
3,6,4,18,10
3,6,4,19,30
3,6,4,21,20
3,6,4,7,20
3,6,4,22,10
3,6,4,23,30
3,6,4,24,20
3,6,4,25,20
3,6,4,15,30
3,6,2,16,30
3,6,2,26,20
3,6,2,4,140
3,6,2,17,10
3,6,2,18,30
3,6,2,5,60
3,6,2,19,30
3,6,2,20,10
3,6,2,13,30
3,6,2,6,60
3,6,2,21,50
3,6,2,1,20
3,6,2,7,30
3,6,2,8,50
3,6,2,22,20
3,6,2,14,50
3,6,2,23,10
3,6,2,24,30
3,6,2,25,10
3,6,2,12,10
3,6,2,15,20
3,6,3,16,10
3,6,3,4,70
3,6,3,5,60
3,6,3,13,40
3,6,3,6,10
3,6,3,21,10
3,6,3,1,10
3,6,3,8,30
3,6,3,22,10
3,6,3,14,10
3,6,3,12,30
3,6,3,15,10
3,6,5,5,10
3,7,1,16,10
3,7,1,7,60
3,7,1,24,30
3,7,1,25,10
3,7,1,15,20
3,7,4,16,20
3,7,4,26,10
3,7,4,17,160
3,7,4,18,80
3,7,4,19,80
3,7,4,6,190
3,7,4,21,120
3,7,4,7,100
3,7,4,22,30
3,7,4,23,70
3,7,4,24,50
3,7,4,25,20
3,7,4,15,60
3,7,2,16,20
3,7,2,26,10
3,7,2,4,160
3,7,2,17,270
3,7,2,18,50
3,7,2,5,30
3,7,2,19,80
3,7,2,13,300
3,7,2,6,370
3,7,2,21,120
3,7,2,1,180
3,7,2,7,170
3,7,2,8,360
3,7,2,22,40
3,7,2,14,30
3,7,2,23,90
3,7,2,24,30
3,7,2,25,10
3,7,2,12,160
3,7,2,15,140
3,7,3,4,10
3,7,3,17,40
3,7,3,5,10
3,7,3,13,130
3,7,3,6,40
3,7,3,21,10
3,7,3,1,30
3,7,3,7,10
3,7,3,8,40
3,7,3,12,40
3,7,3,15,10
3,7,5,4,10
3,7,5,5,10
3,7,5,13,20
3,7,5,1,10
3,7,5,8,30
3,7,5,12,20
3,8,1,19,30
3,8,1,25,10
3,8,1,15,40
3,8,4,16,10
3,8,4,26,10
3,8,4,17,30
3,8,4,19,60
3,8,4,21,40
3,8,4,22,10
3,8,4,25,10
3,8,4,15,50
3,8,2,19,20
3,8,2,13,230
3,8,2,21,10
3,8,2,8,10
3,8,2,15,20
3,8,3,13,50
3,8,5,13,20
3,9,1,16,70
3,9,1,18,30
3,9,1,6,10
3,9,1,1,110
3,9,4,16,50
3,9,4,26,30
3,9,4,17,90
3,9,4,18,40
3,9,4,19,20
3,9,4,22,30
3,9,4,23,50
3,9,4,24,10
3,9,4,25,40
3,9,4,12,10
3,9,4,15,20
3,9,2,16,100
3,9,2,3,40
3,9,2,26,40
3,9,2,4,440
3,9,2,17,60
3,9,2,18,70
3,9,2,5,220
3,9,2,19,140
3,9,2,13,480
3,9,2,6,130
3,9,2,21,40
3,9,2,1,270
3,9,2,7,60
3,9,2,8,180
3,9,2,22,40
3,9,2,27,180
3,9,2,23,120
3,9,2,24,20
3,9,2,25,70
3,9,2,12,420
3,9,2,15,260
3,9,3,2,10
3,9,3,16,10
3,9,3,4,50
3,9,3,5,10
3,9,3,13,100
3,9,3,1,70
3,9,3,8,40
3,9,3,14,20
3,9,3,27,140
3,9,3,12,120
3,9,5,4,10
3,9,5,13,20
3,9,5,27,20
3,9,5,12,30
3,10,1,16,30
3,10,1,17,30
3,10,1,6,30
3,10,1,21,10
3,10,1,7,10
3,10,1,8,120
3,10,1,24,10
3,10,1,25,10
3,10,1,15,10
3,10,4,16,40
3,10,4,26,10
3,10,4,17,120
3,10,4,18,40
3,10,4,19,40
3,10,4,6,90
3,10,4,21,90
3,10,4,22,20
3,10,4,23,120
3,10,4,25,40
3,10,4,15,50
3,10,2,16,30
3,10,2,26,10
3,10,2,17,40
3,10,2,18,10
3,10,2,19,20
3,10,2,6,170
3,10,2,21,50
3,10,2,1,20
3,10,2,7,20
3,10,2,22,20
3,10,2,23,40
3,10,2,25,60
3,10,2,15,50
3,10,3,6,30
3,10,3,1,10
3,10,3,8,20
3,10,3,15,10
4,1,2,2,20
4,1,2,3,40
4,1,2,4,40
4,1,2,5,70
4,1,2,13,140
4,1,2,6,30
4,1,2,1,40
4,1,2,7,10
4,1,2,8,200
4,1,2,9,70
4,1,2,14,110
4,1,2,10,430
4,1,2,11,350
4,1,2,12,260
4,1,2,15,10
4,1,3,3,20
4,1,3,4,130
4,1,3,5,30
4,1,3,13,20
4,1,3,1,180
4,1,3,8,20
4,1,3,9,20
4,1,3,14,10
4,1,3,10,80
4,1,3,11,70
4,1,3,12,20
4,1,3,15,10
4,2,1,16,10
4,2,1,7,10
4,2,1,14,10
4,2,4,16,10
4,2,4,17,10
4,2,4,18,30
4,2,4,19,30
4,2,4,20,10
4,2,4,6,10
4,2,4,21,50
4,2,4,1,50
4,2,4,7,20
4,2,4,22,20
4,2,4,23,10
4,2,2,2,140
4,2,2,16,20
4,2,2,4,530
4,2,2,17,90
4,2,2,18,10
4,2,2,5,170
4,2,2,19,60
4,2,2,20,170
4,2,2,13,510
4,2,2,6,160
4,2,2,21,40
4,2,2,1,730
4,2,2,7,120
4,2,2,8,260
4,2,2,22,10
4,2,2,9,20
4,2,2,14,560
4,2,2,10,180
4,2,2,11,160
4,2,2,23,40
4,2,2,24,40
4,2,2,25,40
4,2,2,12,520
4,2,2,15,70
4,2,3,2,20
4,2,3,4,130
4,2,3,17,20
4,2,3,5,50
4,2,3,19,10
4,2,3,20,10
4,2,3,13,160
4,2,3,6,10
4,2,3,1,100
4,2,3,7,10
4,2,3,8,110
4,2,3,14,90
4,2,3,10,20
4,2,3,11,10
4,2,3,12,180
4,2,5,4,10
4,2,5,13,10
4,2,5,1,10
4,2,5,8,10
4,2,5,14,10
4,2,5,12,10
4,3,4,21,40
4,3,2,4,350
4,3,2,5,100
4,3,2,20,60
4,3,2,13,460
4,3,2,6,20
4,3,2,21,30
4,3,2,1,120
4,3,2,7,10
4,3,2,8,60
4,3,2,14,150
4,3,2,24,40
4,3,2,12,310
4,3,2,15,20
4,3,3,4,130
4,3,3,17,10
4,3,3,5,60
4,3,3,13,170
4,3,3,6,20
4,3,3,1,160
4,3,3,8,60
4,3,3,14,30
4,3,3,12,130
4,3,5,13,10
4,3,5,1,10
4,3,5,12,10
4,4,1,16,70
4,4,1,26,10
4,4,1,18,20
4,4,1,6,120
4,4,1,7,30
4,4,1,23,20
4,4,1,24,10
4,4,1,25,10
4,4,1,15,40
4,4,4,16,60
4,4,4,26,30
4,4,4,17,140
4,4,4,18,80
4,4,4,19,130
4,4,4,20,30
4,4,4,6,10
4,4,4,21,120
4,4,4,7,50
4,4,4,22,30
4,4,4,23,100
4,4,4,24,80
4,4,4,25,20
4,4,4,15,40
4,4,2,16,100
4,4,2,26,50
4,4,2,4,490
4,4,2,17,220
4,4,2,18,140
4,4,2,5,440
4,4,2,19,190
4,4,2,20,90
4,4,2,13,650
4,4,2,6,500
4,4,2,21,140
4,4,2,1,560
4,4,2,7,150
4,4,2,8,480
4,4,2,22,60
4,4,2,14,240
4,4,2,23,160
4,4,2,24,180
4,4,2,25,30
4,4,2,12,240
4,4,2,15,230
4,4,3,16,20
4,4,3,4,190
4,4,3,17,20
4,4,3,18,10
4,4,3,5,210
4,4,3,19,20
4,4,3,13,920
4,4,3,6,300
4,4,3,21,10
4,4,3,1,170
4,4,3,7,10
4,4,3,8,190
4,4,3,22,20
4,4,3,14,100
4,4,3,12,140
4,4,3,15,50
4,4,5,4,10
4,4,5,6,10
4,4,5,1,10
4,5,1,16,10
4,5,1,18,10
4,5,1,7,10
4,5,1,22,10
4,5,1,23,10
4,5,1,24,10
4,5,4,16,20
4,5,4,17,80
4,5,4,18,20
4,5,4,19,20
4,5,4,6,60
4,5,4,21,20
4,5,4,7,20
4,5,4,22,20
4,5,4,23,10
4,5,4,24,50
4,5,4,15,10
4,5,2,16,20
4,5,2,4,360
4,5,2,17,100
4,5,2,18,20
4,5,2,5,190
4,5,2,19,20
4,5,2,13,380
4,5,2,6,80
4,5,2,21,30
4,5,2,1,340
4,5,2,7,50
4,5,2,8,150
4,5,2,22,20
4,5,2,14,200
4,5,2,10,30
4,5,2,23,40
4,5,2,24,30
4,5,2,25,10
4,5,2,12,360
4,5,2,15,30
4,5,3,16,10
4,5,3,4,60
4,5,3,5,20
4,5,3,13,120
4,5,3,6,30
4,5,3,1,40
4,5,3,7,10
4,5,3,8,10
4,5,3,14,50
4,5,3,23,10
4,5,3,12,60
4,5,5,4,60
4,5,5,5,40
4,5,5,13,50
4,5,5,1,40
4,5,5,8,10
4,5,5,14,20
4,5,5,12,60
4,6,1,18,10
4,6,1,7,10
4,6,1,24,10
4,6,4,16,20
4,6,4,26,30
4,6,4,17,10
4,6,4,18,20
4,6,4,19,20
4,6,4,20,10
4,6,4,21,30
4,6,4,7,20
4,6,4,22,20
4,6,4,23,30
4,6,4,24,10
4,6,4,25,10
4,6,4,15,40
4,6,2,16,60
4,6,2,26,30
4,6,2,4,160
4,6,2,17,20
4,6,2,18,30
4,6,2,5,80
4,6,2,19,30
4,6,2,20,10
4,6,2,13,20
4,6,2,6,60
4,6,2,21,20
4,6,2,1,40
4,6,2,7,30
4,6,2,8,80
4,6,2,22,10
4,6,2,14,40
4,6,2,23,20
4,6,2,24,10
4,6,2,25,10
4,6,2,12,30
4,6,2,15,50
4,6,3,4,140
4,6,3,17,10
4,6,3,5,70
4,6,3,13,60
4,6,3,6,10
4,6,3,1,20
4,6,3,8,60
4,6,3,22,10
4,6,3,14,10
4,6,3,12,40
4,6,3,15,10
4,6,5,13,10
4,6,5,12,10
4,7,1,16,10
4,7,1,6,10
4,7,1,7,40
4,7,1,24,10
4,7,1,15,20
4,7,4,16,50
4,7,4,17,120
4,7,4,18,50
4,7,4,19,50
4,7,4,6,130
4,7,4,21,130
4,7,4,7,90
4,7,4,22,20
4,7,4,23,70
4,7,4,24,40
4,7,4,25,30
4,7,4,15,40
4,7,2,16,10
4,7,2,26,10
4,7,2,4,180
4,7,2,17,270
4,7,2,18,40
4,7,2,5,50
4,7,2,19,50
4,7,2,13,260
4,7,2,6,350
4,7,2,21,110
4,7,2,1,190
4,7,2,7,90
4,7,2,8,290
4,7,2,22,20
4,7,2,14,30
4,7,2,23,70
4,7,2,24,80
4,7,2,25,10
4,7,2,12,50
4,7,2,15,100
4,7,3,4,70
4,7,3,17,20
4,7,3,5,40
4,7,3,13,160
4,7,3,6,40
4,7,3,21,10
4,7,3,1,30
4,7,3,8,40
4,7,3,14,10
4,7,3,12,40
4,7,3,15,10
4,7,5,4,20
4,7,5,5,10
4,7,5,13,10
4,7,5,1,20
4,7,5,8,20
4,7,5,12,20
4,8,1,19,30
4,8,1,25,10
4,8,4,16,20
4,8,4,26,10
4,8,4,17,40
4,8,4,19,40
4,8,4,21,40
4,8,4,22,20
4,8,4,25,10
4,8,4,15,50
4,8,2,17,20
4,8,2,19,30
4,8,2,13,300
4,8,2,21,10
4,8,2,8,20
4,8,2,25,10
4,8,2,15,30
4,8,3,13,30
4,8,5,13,10
4,9,1,16,60
4,9,1,18,30
4,9,1,6,10
4,9,1,1,170
4,9,4,16,60
4,9,4,26,40
4,9,4,4,10
4,9,4,17,70
4,9,4,18,40
4,9,4,19,10
4,9,4,7,10
4,9,4,22,30
4,9,4,23,60
4,9,4,25,50
4,9,4,12,20
4,9,4,15,100
4,9,2,16,100
4,9,2,3,30
4,9,2,26,60
4,9,2,4,460
4,9,2,17,80
4,9,2,18,100
4,9,2,5,210
4,9,2,19,120
4,9,2,13,480
4,9,2,6,140
4,9,2,21,50
4,9,2,1,260
4,9,2,7,80
4,9,2,8,160
4,9,2,22,60
4,9,2,14,10
4,9,2,27,220
4,9,2,23,110
4,9,2,24,40
4,9,2,25,70
4,9,2,12,600
4,9,2,15,220
4,9,3,16,10
4,9,3,4,50
4,9,3,5,10
4,9,3,13,120
4,9,3,1,60
4,9,3,8,50
4,9,3,14,20
4,9,3,27,170
4,9,3,12,130
4,9,5,4,10
4,9,5,13,20
4,9,5,1,10
4,9,5,27,20
4,9,5,12,30
4,10,1,16,40
4,10,1,17,30
4,10,1,19,20
4,10,1,6,30
4,10,1,21,30
4,10,1,7,10
4,10,1,8,130
4,10,1,24,20
4,10,1,25,10
4,10,1,15,10
4,10,4,16,50
4,10,4,17,90
4,10,4,18,40
4,10,4,19,50
4,10,4,6,70
4,10,4,21,90
4,10,4,22,30
4,10,4,23,120
4,10,4,24,30
4,10,4,25,60
4,10,4,15,30
4,10,2,16,30
4,10,2,26,20
4,10,2,17,40
4,10,2,18,30
4,10,2,19,20
4,10,2,6,190
4,10,2,21,50
4,10,2,1,20
4,10,2,7,50
4,10,2,22,20
4,10,2,23,40
4,10,2,25,30
4,10,2,15,50
4,10,3,6,20
4,10,3,8,10
4,10,3,15,10
5,1,2,2,20
5,1,2,3,50
5,1,2,4,50
5,1,2,17,10
5,1,2,5,130
5,1,2,13,160
5,1,2,6,40
5,1,2,21,10
5,1,2,1,40
5,1,2,7,20
5,1,2,8,230
5,1,2,9,60
5,1,2,14,180
5,1,2,10,460
5,1,2,11,380
5,1,2,12,90
5,1,2,15,10
5,1,3,4,160
5,1,3,5,40
5,1,3,13,20
5,1,3,1,210
5,1,3,8,20
5,1,3,9,10
5,1,3,14,20
5,1,3,10,70
5,1,3,11,70
5,1,3,12,20
5,1,3,15,10
5,2,1,16,10
5,2,1,7,20
5,2,4,26,10
5,2,4,17,10
5,2,4,18,30
5,2,4,19,60
5,2,4,20,10
5,2,4,6,10
5,2,4,21,80
5,2,4,1,60
5,2,4,7,40
5,2,4,22,30
5,2,4,23,20
5,2,2,2,140
5,2,2,16,20
5,2,2,26,20
5,2,2,4,490
5,2,2,17,80
5,2,2,18,30
5,2,2,5,60
5,2,2,19,70
5,2,2,20,170
5,2,2,13,510
5,2,2,6,160
5,2,2,21,50
5,2,2,1,710
5,2,2,7,110
5,2,2,8,240
5,2,2,22,10
5,2,2,9,20
5,2,2,14,520
5,2,2,10,140
5,2,2,11,160
5,2,2,23,30
5,2,2,24,50
5,2,2,25,30
5,2,2,12,520
5,2,2,15,70
5,2,3,2,10
5,2,3,4,100
5,2,3,17,20
5,2,3,5,20
5,2,3,20,10
5,2,3,13,140
5,2,3,6,10
5,2,3,1,130
5,2,3,7,10
5,2,3,8,60
5,2,3,9,10
5,2,3,14,100
5,2,3,10,30
5,2,3,12,200
5,2,3,15,10
5,2,5,4,10
5,2,5,14,10
5,2,5,12,20
5,3,4,26,10
5,3,4,21,40
5,3,2,26,20
5,3,2,4,340
5,3,2,5,250
5,3,2,20,40
5,3,2,13,460
5,3,2,6,50
5,3,2,21,30
5,3,2,1,90
5,3,2,7,20
5,3,2,8,100
5,3,2,14,110
5,3,2,12,310
5,3,2,15,20
5,3,3,4,110
5,3,3,17,10
5,3,3,5,70
5,3,3,13,210
5,3,3,6,40
5,3,3,1,140
5,3,3,8,80
5,3,3,14,30
5,3,3,12,140
5,3,3,15,10
5,3,5,1,10
5,3,5,14,10
5,3,5,12,20
5,4,1,16,70
5,4,1,18,20
5,4,1,6,120
5,4,1,7,40
5,4,1,23,20
5,4,1,24,20
5,4,1,15,10
5,4,4,16,80
5,4,4,26,40
5,4,4,4,10
5,4,4,17,130
5,4,4,18,60
5,4,4,19,100
5,4,4,20,30
5,4,4,6,10
5,4,4,21,90
5,4,4,7,50
5,4,4,22,50
5,4,4,23,90
5,4,4,24,70
5,4,4,25,30
5,4,4,15,40
5,4,2,16,130
5,4,2,26,60
5,4,2,4,490
5,4,2,17,200
5,4,2,18,150
5,4,2,5,430
5,4,2,19,170
5,4,2,20,80
5,4,2,13,680
5,4,2,6,480
5,4,2,21,130
5,4,2,1,510
5,4,2,7,120
5,4,2,8,430
5,4,2,22,70
5,4,2,14,260
5,4,2,23,100
5,4,2,24,180
5,4,2,25,30
5,4,2,12,240
5,4,2,15,260
5,4,3,16,30
5,4,3,4,180
5,4,3,17,20
5,4,3,18,10
5,4,3,5,280
5,4,3,19,20
5,4,3,13,890
5,4,3,6,270
5,4,3,21,10
5,4,3,1,160
5,4,3,7,10
5,4,3,8,180
5,4,3,22,10
5,4,3,14,90
5,4,3,12,190
5,4,3,15,60
5,4,5,1,10
5,5,1,23,10
5,5,1,24,10
5,5,4,16,20
5,5,4,17,30
5,5,4,18,20
5,5,4,19,30
5,5,4,6,50
5,5,4,21,30
5,5,4,7,20
5,5,4,22,20
5,5,4,23,20
5,5,4,24,50
5,5,4,15,10
5,5,2,16,30
5,5,2,4,430
5,5,2,17,90
5,5,2,18,30
5,5,2,5,150
5,5,2,19,20
5,5,2,13,430
5,5,2,6,100
5,5,2,21,40
5,5,2,1,360
5,5,2,7,50
5,5,2,8,210
5,5,2,22,30
5,5,2,14,230
5,5,2,23,50
5,5,2,24,80
5,5,2,25,10
5,5,2,12,370
5,5,2,15,30
5,5,3,4,90
5,5,3,5,40
5,5,3,13,120
5,5,3,6,10
5,5,3,1,60
5,5,3,7,10
5,5,3,8,20
5,5,3,14,40
5,5,3,24,10
5,5,3,12,60
5,5,5,4,70
5,5,5,5,20
5,5,5,13,50
5,5,5,6,10
5,5,5,1,30
5,5,5,8,20
5,5,5,14,20
5,5,5,12,60
5,6,1,7,20
5,6,1,25,10
5,6,4,16,20
5,6,4,26,10
5,6,4,18,20
5,6,4,19,30
5,6,4,20,10
5,6,4,6,10
5,6,4,21,40
5,6,4,7,20
5,6,4,22,20
5,6,4,23,30
5,6,4,24,30
5,6,4,25,10
5,6,4,15,20
5,6,2,16,40
5,6,2,26,10
5,6,2,4,180
5,6,2,17,20
5,6,2,18,20
5,6,2,5,90
5,6,2,19,30
5,6,2,20,10
5,6,2,13,40
5,6,2,6,100
5,6,2,21,50
5,6,2,1,70
5,6,2,7,30
5,6,2,8,80
5,6,2,22,20
5,6,2,14,50
5,6,2,23,10
5,6,2,24,20
5,6,2,12,10
5,6,2,15,40
5,6,3,16,20
5,6,3,26,10
5,6,3,4,210
5,6,3,17,10
5,6,3,5,20
5,6,3,13,110
5,6,3,6,30
5,6,3,1,20
5,6,3,8,50
5,6,3,14,20
5,6,3,12,30
5,6,3,15,20
5,6,5,13,10
5,7,1,16,10
5,7,1,18,10
5,7,1,6,10
5,7,1,21,10
5,7,1,7,50
5,7,1,24,10
5,7,1,15,10
5,7,4,16,40
5,7,4,26,20
5,7,4,17,80
5,7,4,18,40
5,7,4,19,40
5,7,4,6,170
5,7,4,21,120
5,7,4,7,70
5,7,4,22,10
5,7,4,23,60
5,7,4,24,30
5,7,4,25,20
5,7,4,15,30
5,7,2,16,30
5,7,2,26,20
5,7,2,4,90
5,7,2,17,170
5,7,2,18,30
5,7,2,5,80
5,7,2,19,40
5,7,2,13,240
5,7,2,6,310
5,7,2,21,90
5,7,2,1,210
5,7,2,7,70
5,7,2,8,250
5,7,2,22,20
5,7,2,14,40
5,7,2,23,50
5,7,2,24,70
5,7,2,25,10
5,7,2,12,80
5,7,2,15,80
5,7,3,4,40
5,7,3,17,40
5,7,3,5,10
5,7,3,13,230
5,7,3,6,50
5,7,3,21,10
5,7,3,1,40
5,7,3,8,30
5,7,3,14,10
5,7,3,12,30
5,7,3,15,10
5,7,5,4,10
5,7,5,5,10
5,7,5,13,30
5,7,5,1,10
5,7,5,8,10
5,7,5,12,30
5,8,1,19,30
5,8,1,25,20
5,8,4,16,20
5,8,4,17,50
5,8,4,19,50
5,8,4,21,40
5,8,4,22,10
5,8,4,25,10
5,8,4,15,80
5,8,2,26,10
5,8,2,17,30
5,8,2,19,20
5,8,2,13,300
5,8,2,21,10
5,8,2,15,20
5,8,3,13,20
5,8,5,13,20
5,9,1,16,70
5,9,1,18,20
5,9,1,6,10
5,9,1,1,130
5,9,1,8,100
5,9,1,22,30
5,9,4,16,70
5,9,4,26,30
5,9,4,4,10
5,9,4,17,90
5,9,4,18,50
5,9,4,19,10
5,9,4,7,10
5,9,4,22,10
5,9,4,23,60
5,9,4,25,60
5,9,4,12,20
5,9,4,15,80
5,9,2,16,100
5,9,2,3,30
5,9,2,26,50
5,9,2,4,480
5,9,2,17,110
5,9,2,18,140
5,9,2,5,210
5,9,2,19,110
5,9,2,13,490
5,9,2,6,130
5,9,2,21,30
5,9,2,1,250
5,9,2,7,50
5,9,2,8,100
5,9,2,22,70
5,9,2,14,20
5,9,2,27,240
5,9,2,23,110
5,9,2,24,40
5,9,2,25,80
5,9,2,12,630
5,9,2,15,230
5,9,3,4,60
5,9,3,5,10
5,9,3,13,110
5,9,3,1,70
5,9,3,8,50
5,9,3,14,10
5,9,3,27,170
5,9,3,12,110
5,9,5,4,10
5,9,5,5,10
5,9,5,13,20
5,9,5,1,10
5,9,5,27,20
5,9,5,12,30
5,10,1,16,30
5,10,1,17,30
5,10,1,19,20
5,10,1,6,20
5,10,1,21,30
5,10,1,7,20
5,10,1,22,30
5,10,1,24,20
5,10,1,25,10
5,10,1,15,30
5,10,4,16,50
5,10,4,26,10
5,10,4,17,140
5,10,4,18,50
5,10,4,19,30
5,10,4,6,120
5,10,4,21,90
5,10,4,7,10
5,10,4,22,10
5,10,4,23,110
5,10,4,24,30
5,10,4,25,70
5,10,4,15,30
5,10,2,16,30
5,10,2,26,20
5,10,2,17,50
5,10,2,18,40
5,10,2,19,10
5,10,2,6,210
5,10,2,21,40
5,10,2,1,10
5,10,2,7,40
5,10,2,8,60
5,10,2,22,20
5,10,2,23,40
5,10,2,24,20
5,10,2,25,60
5,10,2,15,110
5,10,3,6,20
5,10,3,8,20
6,1,2,2,10
6,1,2,3,50
6,1,2,4,40
6,1,2,17,20
6,1,2,5,130
6,1,2,6,30
6,1,2,21,10
6,1,2,1,40
6,1,2,8,130
6,1,2,9,80
6,1,2,14,80
6,1,2,10,100
6,1,2,11,30
6,1,2,12,50
6,1,2,15,10
6,1,3,5,60
6,1,3,13,20
6,1,3,8,10
6,1,3,9,10
6,1,3,14,20
6,1,3,10,90
6,1,3,11,80
6,1,3,12,20
6,1,3,15,10
6,2,1,16,10
6,2,1,7,10
6,2,4,16,10
6,2,4,26,10
6,2,4,18,20
6,2,4,19,50
6,2,4,20,20
6,2,4,6,10
6,2,4,21,40
6,2,4,1,40
6,2,4,7,20
6,2,4,22,20
6,2,4,23,10
6,2,4,25,10
6,2,4,12,10
6,2,2,2,140
6,2,2,16,10
6,2,2,26,10
6,2,2,4,450
6,2,2,17,90
6,2,2,18,40
6,2,2,5,70
6,2,2,19,60
6,2,2,20,200
6,2,2,13,520
6,2,2,6,300
6,2,2,21,70
6,2,2,1,710
6,2,2,7,130
6,2,2,8,250
6,2,2,22,10
6,2,2,9,20
6,2,2,14,580
6,2,2,10,170
6,2,2,11,150
6,2,2,23,40
6,2,2,24,40
6,2,2,25,40
6,2,2,12,510
6,2,2,15,90
6,2,3,2,10
6,2,3,4,100
6,2,3,17,20
6,2,3,18,10
6,2,3,5,20
6,2,3,20,10
6,2,3,13,120
6,2,3,6,10
6,2,3,1,100
6,2,3,8,50
6,2,3,14,70
6,2,3,10,20
6,2,3,11,10
6,2,3,12,220
6,2,5,4,10
6,2,5,13,10
6,2,5,12,10
6,3,4,26,10
6,3,4,21,30
6,3,2,26,20
6,3,2,4,310
6,3,2,5,280
6,3,2,20,40
6,3,2,13,420
6,3,2,6,40
6,3,2,21,40
6,3,2,1,70
6,3,2,7,10
6,3,2,8,90
6,3,2,14,120
6,3,2,12,310
6,3,2,15,20
6,3,3,4,90
6,3,3,5,100
6,3,3,20,10
6,3,3,13,170
6,3,3,6,20
6,3,3,1,80
6,3,3,8,90
6,3,3,14,20
6,3,3,12,160
6,3,3,15,10
6,3,5,4,10
6,3,5,13,10
6,3,5,1,10
6,3,5,8,10
6,3,5,14,10
6,3,5,12,10
6,4,1,16,70
6,4,1,18,20
6,4,1,6,160
6,4,1,7,40
6,4,1,22,10
6,4,1,23,10
6,4,1,24,10
6,4,1,15,20
6,4,4,16,70
6,4,4,26,50
6,4,4,4,10
6,4,4,17,150
6,4,4,18,30
6,4,4,19,80
6,4,4,20,20
6,4,4,13,10
6,4,4,6,10
6,4,4,21,90
6,4,4,7,40
6,4,4,22,60
6,4,4,14,10
6,4,4,23,80
6,4,4,24,50
6,4,4,25,20
6,4,4,15,60
6,4,2,16,130
6,4,2,26,60
6,4,2,4,440
6,4,2,17,250
6,4,2,18,150
6,4,2,5,500
6,4,2,19,150
6,4,2,20,90
6,4,2,13,610
6,4,2,6,510
6,4,2,21,130
6,4,2,1,480
6,4,2,7,110
6,4,2,8,350
6,4,2,22,50
6,4,2,14,290
6,4,2,23,110
6,4,2,24,140
6,4,2,25,30
6,4,2,12,240
6,4,2,15,230
6,4,3,16,20
6,4,3,4,290
6,4,3,17,40
6,4,3,18,10
6,4,3,5,250
6,4,3,19,10
6,4,3,13,810
6,4,3,6,310
6,4,3,21,10
6,4,3,1,280
6,4,3,7,10
6,4,3,8,150
6,4,3,22,10
6,4,3,14,70
6,4,3,12,190
6,4,3,15,50
6,5,1,18,10
6,5,1,8,10
6,5,1,23,10
6,5,4,16,20
6,5,4,17,30
6,5,4,18,20
6,5,4,19,50
6,5,4,6,60
6,5,4,21,30
6,5,4,7,20
6,5,4,22,30
6,5,4,23,20
6,5,4,24,50
6,5,4,25,20
6,5,4,15,20
6,5,2,16,30
6,5,2,4,380
6,5,2,17,90
6,5,2,18,30
6,5,2,5,180
6,5,2,19,10
6,5,2,13,340
6,5,2,6,110
6,5,2,21,60
6,5,2,1,360
6,5,2,7,40
6,5,2,8,190
6,5,2,22,10
6,5,2,14,240
6,5,2,23,60
6,5,2,24,60
6,5,2,25,20
6,5,2,12,390
6,5,2,15,40
6,5,3,16,10
6,5,3,4,60
6,5,3,17,10
6,5,3,5,50
6,5,3,13,120
6,5,3,6,10
6,5,3,1,50
6,5,3,8,20
6,5,3,14,40
6,5,3,12,70
6,5,5,4,40
6,5,5,5,20
6,5,5,13,30
6,5,5,6,10
6,5,5,1,20
6,5,5,8,20
6,5,5,14,20
6,5,5,24,10
6,5,5,12,60
6,6,1,26,10
6,6,1,7,10
6,6,1,14,10
6,6,1,25,10
6,6,4,16,20
6,6,4,26,10
6,6,4,17,20
6,6,4,18,10
6,6,4,19,40
6,6,4,20,10
6,6,4,21,40
6,6,4,7,40
6,6,4,22,40
6,6,4,23,40
6,6,4,24,10
6,6,4,25,20
6,6,4,15,20
6,6,2,16,50
6,6,2,26,10
6,6,2,4,160
6,6,2,17,20
6,6,2,18,50
6,6,2,5,90
6,6,2,19,30
6,6,2,20,20
6,6,2,13,30
6,6,2,6,90
6,6,2,21,50
6,6,2,1,60
6,6,2,7,50
6,6,2,8,100
6,6,2,22,30
6,6,2,14,50
6,6,2,23,10
6,6,2,24,30
6,6,2,25,10
6,6,2,12,50
6,6,2,15,70
6,6,3,16,30
6,6,3,26,10
6,6,3,4,170
6,6,3,17,10
6,6,3,5,30
6,6,3,13,60
6,6,3,6,30
6,6,3,1,20
6,6,3,8,40
6,6,3,14,20
6,6,3,12,40
6,6,3,15,10
6,6,5,4,10
6,6,5,13,10
6,7,1,6,20
6,7,1,7,50
6,7,1,24,10
6,7,1,15,20
6,7,4,16,30
6,7,4,26,10
6,7,4,17,70
6,7,4,18,40
6,7,4,19,40
6,7,4,6,160
6,7,4,21,100
6,7,4,7,60
6,7,4,22,40
6,7,4,23,80
6,7,4,24,40
6,7,4,25,10
6,7,4,15,30
6,7,2,16,20
6,7,2,3,10
6,7,2,26,10
6,7,2,4,130
6,7,2,17,150
6,7,2,18,20
6,7,2,5,70
6,7,2,19,30
6,7,2,13,260
6,7,2,6,250
6,7,2,21,90
6,7,2,1,200
6,7,2,7,50
6,7,2,8,290
6,7,2,22,10
6,7,2,14,50
6,7,2,23,40
6,7,2,24,80
6,7,2,25,10
6,7,2,12,210
6,7,2,15,60
6,7,3,16,10
6,7,3,4,80
6,7,3,17,30
6,7,3,13,250
6,7,3,6,40
6,7,3,1,50
6,7,3,8,50
6,7,3,14,10
6,7,3,12,20
6,7,3,15,10
6,7,5,4,10
6,7,5,5,10
6,7,5,13,10
6,7,5,1,20
6,7,5,8,10
6,7,5,12,20
6,8,1,19,30
6,8,1,22,10
6,8,4,16,20
6,8,4,17,40
6,8,4,19,60
6,8,4,21,60
6,8,4,22,20
6,8,4,25,10
6,8,4,15,70
6,8,2,26,10
6,8,2,17,40
6,8,2,19,20
6,8,2,13,290
6,8,2,21,20
6,8,2,25,10
6,8,2,15,40
6,8,3,13,10
6,8,5,13,10
6,9,1,16,50
6,9,1,18,20
6,9,1,6,10
6,9,1,1,150
6,9,1,8,90
6,9,1,22,30
6,9,4,16,60
6,9,4,26,30
6,9,4,4,10
6,9,4,17,100
6,9,4,18,40
6,9,4,19,10
6,9,4,22,20
6,9,4,23,20
6,9,4,25,60
6,9,4,12,20
6,9,4,15,80
6,9,2,16,120
6,9,2,3,30
6,9,2,26,60
6,9,2,4,470
6,9,2,17,120
6,9,2,18,150
6,9,2,5,220
6,9,2,19,120
6,9,2,13,550
6,9,2,6,140
6,9,2,21,40
6,9,2,1,250
6,9,2,7,70
6,9,2,8,110
6,9,2,22,70
6,9,2,14,30
6,9,2,27,250
6,9,2,23,110
6,9,2,24,50
6,9,2,25,90
6,9,2,12,670
6,9,2,15,210
6,9,3,4,50
6,9,3,18,10
6,9,3,13,110
6,9,3,1,80
6,9,3,8,50
6,9,3,27,200
6,9,3,12,120
6,9,5,4,10
6,9,5,13,10
6,9,5,1,10
6,9,5,27,20
6,9,5,12,20
6,10,1,16,30
6,10,1,17,40
6,10,1,19,10
6,10,1,6,20
6,10,1,21,30
6,10,1,7,20
6,10,1,22,20
6,10,1,24,10
6,10,1,25,10
6,10,1,15,30
6,10,4,16,40
6,10,4,26,10
6,10,4,17,150
6,10,4,18,20
6,10,4,19,30
6,10,4,6,110
6,10,4,21,90
6,10,4,7,10
6,10,4,22,10
6,10,4,23,110
6,10,4,24,30
6,10,4,25,50
6,10,4,15,40
6,10,2,16,30
6,10,2,26,20
6,10,2,17,60
6,10,2,18,40
6,10,2,19,10
6,10,2,6,210
6,10,2,21,40
6,10,2,1,10
6,10,2,7,50
6,10,2,8,50
6,10,2,22,30
6,10,2,23,30
6,10,2,24,20
6,10,2,25,60
6,10,2,15,120
6,10,3,6,30
6,10,3,1,10
6,10,3,7,10
6,10,3,8,30
7,1,2,2,10
7,1,2,3,70
7,1,2,4,40
7,1,2,17,10
7,1,2,5,80
7,1,2,6,30
7,1,2,21,10
7,1,2,1,30
7,1,2,8,100
7,1,2,9,60
7,1,2,14,60
7,1,2,10,480
7,1,2,11,360
7,1,2,12,150
7,1,2,15,10
7,1,3,2,10
7,1,3,3,10
7,1,3,4,100
7,1,3,5,70
7,1,3,13,110
7,1,3,1,120
7,1,3,7,10
7,1,3,8,60
7,1,3,9,20
7,1,3,14,110
7,1,3,10,120
7,1,3,11,120
7,1,3,12,180
7,1,3,15,10
7,2,1,7,10
7,2,4,16,10
7,2,4,26,10
7,2,4,18,20
7,2,4,19,50
7,2,4,20,20
7,2,4,6,20
7,2,4,21,30
7,2,4,1,50
7,2,4,7,30
7,2,4,22,10
7,2,4,23,20
7,2,2,2,340
7,2,2,16,10
7,2,2,26,20
7,2,2,4,580
7,2,2,17,120
7,2,2,18,20
7,2,2,5,260
7,2,2,19,30
7,2,2,20,190
7,2,2,13,520
7,2,2,6,260
7,2,2,21,50
7,2,2,1,630
7,2,2,7,140
7,2,2,8,270
7,2,2,22,10
7,2,2,9,10
7,2,2,14,600
7,2,2,10,150
7,2,2,11,160
7,2,2,23,30
7,2,2,24,30
7,2,2,25,30
7,2,2,12,530
7,2,2,15,70
7,2,3,2,10
7,2,3,4,100
7,2,3,17,20
7,2,3,18,10
7,2,3,5,60
7,2,3,20,10
7,2,3,13,120
7,2,3,6,10
7,2,3,1,100
7,2,3,8,70
7,2,3,14,60
7,2,3,10,10
7,2,3,11,10
7,2,3,12,200
7,2,5,4,10
7,2,5,13,10
7,2,5,12,20
7,3,1,14,10
7,3,4,26,20
7,3,4,21,30
7,3,2,26,20
7,3,2,4,180
7,3,2,5,190
7,3,2,19,10
7,3,2,20,40
7,3,2,13,340
7,3,2,6,60
7,3,2,21,20
7,3,2,1,60
7,3,2,8,100
7,3,2,14,140
7,3,2,12,330
7,3,2,15,20
7,3,3,4,100
7,3,3,5,60
7,3,3,20,10
7,3,3,13,190
7,3,3,6,10
7,3,3,1,110
7,3,3,8,80
7,3,3,14,20
7,3,3,12,120
7,3,3,15,10
7,3,5,13,10
7,3,5,1,20
7,3,5,8,10
7,3,5,12,10
7,4,1,16,60
7,4,1,18,20
7,4,1,6,240
7,4,1,7,30
7,4,1,14,10
7,4,1,23,10
7,4,1,24,10
7,4,1,15,10
7,4,4,16,70
7,4,4,26,30
7,4,4,17,120
7,4,4,18,20
7,4,4,19,60
7,4,4,20,30
7,4,4,6,10
7,4,4,21,70
7,4,4,7,50
7,4,4,22,50
7,4,4,23,80
7,4,4,24,60
7,4,4,25,10
7,4,4,15,50
7,4,2,16,140
7,4,2,26,60
7,4,2,4,480
7,4,2,17,290
7,4,2,18,110
7,4,2,5,460
7,4,2,19,130
7,4,2,20,70
7,4,2,13,620
7,4,2,6,550
7,4,2,21,120
7,4,2,1,560
7,4,2,7,100
7,4,2,8,380
7,4,2,22,60
7,4,2,14,270
7,4,2,23,100
7,4,2,24,120
7,4,2,25,20
7,4,2,12,250
7,4,2,15,240
7,4,3,16,10
7,4,3,4,200
7,4,3,17,40
7,4,3,18,10
7,4,3,5,220
7,4,3,19,10
7,4,3,13,780
7,4,3,6,290
7,4,3,21,10
7,4,3,1,220
7,4,3,8,170
7,4,3,14,80
7,4,3,12,240
7,4,3,15,40
7,4,5,12,10
7,5,1,16,10
7,5,1,18,10
7,5,1,8,10
7,5,1,14,10
7,5,1,23,10
7,5,4,16,20
7,5,4,17,30
7,5,4,18,20
7,5,4,19,40
7,5,4,6,60
7,5,4,21,30
7,5,4,7,20
7,5,4,22,30
7,5,4,23,20
7,5,4,24,30
7,5,4,25,20
7,5,4,15,10
7,5,2,16,40
7,5,2,4,460
7,5,2,17,70
7,5,2,18,40
7,5,2,5,230
7,5,2,19,20
7,5,2,13,300
7,5,2,6,130
7,5,2,21,80
7,5,2,1,390
7,5,2,7,40
7,5,2,8,240
7,5,2,22,40
7,5,2,14,250
7,5,2,23,50
7,5,2,24,80
7,5,2,25,30
7,5,2,12,390
7,5,2,15,30
7,5,3,4,100
7,5,3,5,10
7,5,3,13,150
7,5,3,6,10
7,5,3,21,10
7,5,3,1,60
7,5,3,8,10
7,5,3,14,40
7,5,3,12,50
7,5,5,4,30
7,5,5,17,10
7,5,5,5,20
7,5,5,13,60
7,5,5,6,10
7,5,5,1,20
7,5,5,8,10
7,5,5,14,20
7,5,5,12,50
7,6,1,18,10
7,6,1,21,10
7,6,1,7,10
7,6,4,16,20
7,6,4,26,30
7,6,4,17,10
7,6,4,18,20
7,6,4,19,40
7,6,4,20,10
7,6,4,21,50
7,6,4,7,30
7,6,4,22,10
7,6,4,23,40
7,6,4,24,20
7,6,4,25,30
7,6,4,15,30
7,6,2,16,70
7,6,2,26,10
7,6,2,4,180
7,6,2,17,30
7,6,2,18,50
7,6,2,5,120
7,6,2,19,50
7,6,2,20,20
7,6,2,13,90
7,6,2,6,100
7,6,2,21,40
7,6,2,1,80
7,6,2,7,50
7,6,2,8,130
7,6,2,22,30
7,6,2,14,80
7,6,2,23,10
7,6,2,24,20
7,6,2,25,10
7,6,2,12,60
7,6,2,15,60
7,6,3,2,10
7,6,3,16,20
7,6,3,26,10
7,6,3,4,160
7,6,3,5,60
7,6,3,13,50
7,6,3,6,30
7,6,3,1,20
7,6,3,8,40
7,6,3,14,10
7,6,3,12,20
7,6,3,15,10
7,6,5,13,10
7,6,5,12,10
7,7,1,16,10
7,7,1,6,20
7,7,1,21,10
7,7,1,7,40
7,7,1,24,10
7,7,1,15,10
7,7,4,16,30
7,7,4,26,20
7,7,4,17,90
7,7,4,18,50
7,7,4,19,30
7,7,4,6,210
7,7,4,21,60
7,7,4,7,50
7,7,4,22,30
7,7,4,23,50
7,7,4,24,20
7,7,4,25,10
7,7,4,15,40
7,7,2,16,20
7,7,2,3,10
7,7,2,26,10
7,7,2,4,130
7,7,2,17,110
7,7,2,18,30
7,7,2,5,70
7,7,2,19,40
7,7,2,13,260
7,7,2,6,260
7,7,2,21,80
7,7,2,1,190
7,7,2,7,60
7,7,2,8,280
7,7,2,22,20
7,7,2,14,50
7,7,2,23,40
7,7,2,24,110
7,7,2,12,140
7,7,2,15,40
7,7,3,4,90
7,7,3,17,30
7,7,3,5,10
7,7,3,13,280
7,7,3,6,30
7,7,3,1,70
7,7,3,8,60
7,7,3,14,10
7,7,3,12,30
7,7,3,15,10
7,7,5,4,10
7,7,5,5,10
7,7,5,13,20
7,7,5,1,10
7,7,5,8,20
7,7,5,12,20
7,8,1,19,30
7,8,4,16,20
7,8,4,17,50
7,8,4,19,40
7,8,4,21,50
7,8,4,22,20
7,8,4,25,10
7,8,4,15,80
7,8,2,17,30
7,8,2,19,20
7,8,2,13,310
7,8,2,21,20
7,8,2,25,10
7,8,2,15,70
7,8,3,13,30
7,8,5,13,20
7,9,1,16,40
7,9,1,18,20
7,9,1,6,10
7,9,1,1,270
7,9,1,8,90
7,9,1,22,30
7,9,4,16,40
7,9,4,26,20
7,9,4,4,10
7,9,4,17,90
7,9,4,18,40
7,9,4,19,10
7,9,4,22,20
7,9,4,23,30
7,9,4,25,40
7,9,4,12,20
7,9,4,15,60
7,9,2,16,160
7,9,2,3,40
7,9,2,26,50
7,9,2,4,530
7,9,2,17,140
7,9,2,18,140
7,9,2,5,270
7,9,2,19,120
7,9,2,13,540
7,9,2,6,150
7,9,2,21,50
7,9,2,1,340
7,9,2,7,80
7,9,2,8,90
7,9,2,22,80
7,9,2,14,20
7,9,2,27,250
7,9,2,23,140
7,9,2,24,30
7,9,2,25,100
7,9,2,12,630
7,9,2,15,230
7,9,3,2,10
7,9,3,16,10
7,9,3,4,70
7,9,3,18,20
7,9,3,5,10
7,9,3,13,160
7,9,3,1,80
7,9,3,8,60
7,9,3,14,10
7,9,3,27,180
7,9,3,25,10
7,9,3,12,140
7,9,5,4,20
7,9,5,13,20
7,9,5,1,30
7,9,5,8,10
7,9,5,27,10
7,9,5,12,50
7,10,1,16,30
7,10,1,17,30
7,10,1,19,20
7,10,1,6,20
7,10,1,21,40
7,10,1,7,10
7,10,1,22,20
7,10,1,24,10
7,10,1,15,30
7,10,4,16,40
7,10,4,26,10
7,10,4,17,140
7,10,4,18,40
7,10,4,19,50
7,10,4,6,100
7,10,4,21,90
7,10,4,7,20
7,10,4,22,10
7,10,4,23,100
7,10,4,24,20
7,10,4,25,60
7,10,4,15,30
7,10,2,16,30
7,10,2,26,30
7,10,2,17,50
7,10,2,18,60
7,10,2,19,20
7,10,2,6,210
7,10,2,21,50
7,10,2,1,10
7,10,2,7,50
7,10,2,8,50
7,10,2,22,20
7,10,2,23,30
7,10,2,24,30
7,10,2,25,50
7,10,2,15,110
7,10,3,6,40
7,10,3,1,10
7,10,3,7,10
7,10,3,8,40
8,1,2,2,10
8,1,2,3,60
8,1,2,4,50
8,1,2,17,20
8,1,2,5,530
8,1,2,6,30
8,1,2,21,10
8,1,2,1,20
8,1,2,8,150
8,1,2,14,70
8,1,2,10,540
8,1,2,12,180
8,1,3,2,10
8,1,3,4,110
8,1,3,5,180
8,1,3,19,20
8,1,3,13,120
8,1,3,1,130
8,1,3,7,10
8,1,3,8,70
8,1,3,14,130
8,1,3,10,80
8,1,3,12,150
8,1,5,8,10
8,2,1,16,10
8,2,1,7,10
8,2,1,14,20
8,2,1,15,10
8,2,4,16,10
8,2,4,26,20
8,2,4,18,10
8,2,4,19,30
8,2,4,20,20
8,2,4,6,10
8,2,4,21,40
8,2,4,1,40
8,2,4,7,20
8,2,4,22,10
8,2,4,23,10
8,2,4,12,10
8,2,2,2,200
8,2,2,16,10
8,2,2,26,20
8,2,2,4,570
8,2,2,17,130
8,2,2,18,30
8,2,2,5,430
8,2,2,19,70
8,2,2,20,160
8,2,2,13,510
8,2,2,6,260
8,2,2,21,50
8,2,2,1,650
8,2,2,7,130
8,2,2,8,280
8,2,2,22,20
8,2,2,14,580
8,2,2,10,180
8,2,2,23,30
8,2,2,24,40
8,2,2,25,20
8,2,2,12,550
8,2,2,15,60
8,2,3,2,20
8,2,3,4,110
8,2,3,17,20
8,2,3,5,40
8,2,3,20,20
8,2,3,13,160
8,2,3,6,40
8,2,3,1,110
8,2,3,8,50
8,2,3,14,50
8,2,3,10,10
8,2,3,12,200
8,2,5,12,10
8,3,1,14,10
8,3,4,26,10
8,3,4,21,20
8,3,2,26,30
8,3,2,4,240
8,3,2,5,180
8,3,2,19,10
8,3,2,20,40
8,3,2,13,420
8,3,2,6,60
8,3,2,21,10
8,3,2,1,60
8,3,2,7,10
8,3,2,8,100
8,3,2,14,190
8,3,2,12,310
8,3,2,15,30
8,3,3,4,110
8,3,3,5,70
8,3,3,20,10
8,3,3,13,220
8,3,3,6,20
8,3,3,1,100
8,3,3,8,100
8,3,3,14,20
8,3,3,12,130
8,3,5,13,10
8,3,5,1,10
8,3,5,14,10
8,3,5,12,10
8,4,1,16,70
8,4,1,18,20
8,4,1,6,160
8,4,1,7,30
8,4,1,23,10
8,4,1,24,10
8,4,1,15,30
8,4,4,16,80
8,4,4,26,50
8,4,4,4,10
8,4,4,17,150
8,4,4,18,10
8,4,4,19,70
8,4,4,20,20
8,4,4,6,10
8,4,4,21,50
8,4,4,7,30
8,4,4,22,30
8,4,4,14,10
8,4,4,23,70
8,4,4,24,70
8,4,4,25,10
8,4,4,15,50
8,4,2,16,140
8,4,2,26,50
8,4,2,4,500
8,4,2,17,270
8,4,2,18,120
8,4,2,5,590
8,4,2,19,140
8,4,2,20,60
8,4,2,13,680
8,4,2,6,560
8,4,2,21,110
8,4,2,1,580
8,4,2,7,110
8,4,2,8,400
8,4,2,22,60
8,4,2,14,350
8,4,2,23,80
8,4,2,24,110
8,4,2,25,10
8,4,2,12,240
8,4,2,15,250
8,4,3,16,20
8,4,3,4,230
8,4,3,17,50
8,4,3,18,10
8,4,3,5,180
8,4,3,19,10
8,4,3,13,810
8,4,3,6,300
8,4,3,21,10
8,4,3,1,260
8,4,3,7,10
8,4,3,8,170
8,4,3,22,10
8,4,3,14,90
8,4,3,12,370
8,4,3,15,40
8,4,5,12,10
8,5,1,18,10
8,5,1,23,10
8,5,4,16,30
8,5,4,17,60
8,5,4,18,20
8,5,4,19,30
8,5,4,6,50
8,5,4,21,20
8,5,4,7,10
8,5,4,22,30
8,5,4,23,20
8,5,4,24,30
8,5,4,25,20
8,5,4,15,30
8,5,2,16,40
8,5,2,4,420
8,5,2,17,70
8,5,2,18,30
8,5,2,5,220
8,5,2,19,20
8,5,2,13,350
8,5,2,6,150
8,5,2,21,80
8,5,2,1,370
8,5,2,7,50
8,5,2,8,260
8,5,2,22,30
8,5,2,14,260
8,5,2,23,50
8,5,2,24,60
8,5,2,25,40
8,5,2,12,390
8,5,2,15,50
8,5,3,4,110
8,5,3,5,10
8,5,3,13,190
8,5,3,6,10
8,5,3,21,10
8,5,3,1,80
8,5,3,8,20
8,5,3,14,40
8,5,3,12,60
8,5,5,4,30
8,5,5,5,20
8,5,5,13,40
8,5,5,1,10
8,5,5,8,10
8,5,5,14,10
8,5,5,12,40
8,6,1,18,10
8,6,1,24,10
8,6,4,16,20
8,6,4,26,20
8,6,4,17,20
8,6,4,18,20
8,6,4,19,40
8,6,4,20,10
8,6,4,21,50
8,6,4,7,20
8,6,4,22,30
8,6,4,23,40
8,6,4,24,20
8,6,4,25,10
8,6,4,15,30
8,6,2,16,60
8,6,2,26,20
8,6,2,4,180
8,6,2,17,40
8,6,2,18,30
8,6,2,5,130
8,6,2,19,60
8,6,2,20,30
8,6,2,13,90
8,6,2,6,110
8,6,2,21,60
8,6,2,1,70
8,6,2,7,60
8,6,2,8,120
8,6,2,22,30
8,6,2,14,80
8,6,2,23,20
8,6,2,24,40
8,6,2,25,20
8,6,2,12,70
8,6,2,15,30
8,6,3,2,10
8,6,3,16,40
8,6,3,26,10
8,6,3,4,170
8,6,3,5,40
8,6,3,13,80
8,6,3,6,20
8,6,3,1,30
8,6,3,8,50
8,6,3,14,10
8,6,3,12,40
8,7,1,19,10
8,7,1,6,20
8,7,1,7,50
8,7,1,24,10
8,7,1,15,10
8,7,4,16,30
8,7,4,26,10
8,7,4,17,80
8,7,4,18,40
8,7,4,19,60
8,7,4,6,170
8,7,4,21,60
8,7,4,7,80
8,7,4,22,20
8,7,4,23,50
8,7,4,24,20
8,7,4,25,10
8,7,4,15,10
8,7,2,16,20
8,7,2,3,20
8,7,2,26,20
8,7,2,4,140
8,7,2,17,130
8,7,2,18,40
8,7,2,5,100
8,7,2,19,40
8,7,2,13,300
8,7,2,6,290
8,7,2,21,80
8,7,2,1,220
8,7,2,7,50
8,7,2,8,260
8,7,2,22,20
8,7,2,14,50
8,7,2,23,30
8,7,2,24,60
8,7,2,12,260
8,7,2,15,60
8,7,3,4,90
8,7,3,17,20
8,7,3,19,10
8,7,3,13,320
8,7,3,6,40
8,7,3,1,70
8,7,3,8,50
8,7,3,14,10
8,7,3,12,30
8,7,3,15,10
8,7,5,4,20
8,7,5,13,10
8,7,5,1,10
8,7,5,8,20
8,7,5,12,20
8,8,1,19,20
8,8,4,16,10
8,8,4,17,30
8,8,4,19,40
8,8,4,21,70
8,8,4,22,30
8,8,4,25,20
8,8,4,15,50
8,8,2,17,30
8,8,2,19,20
8,8,2,13,320
8,8,2,21,20
8,8,2,25,10
8,8,2,15,80
8,8,3,4,10
8,8,3,13,30
8,8,5,13,20
8,9,1,16,40
8,9,1,18,10
8,9,1,6,10
8,9,1,1,210
8,9,1,8,50
8,9,1,22,50
8,9,4,16,60
8,9,4,26,30
8,9,4,17,100
8,9,4,18,40
8,9,4,19,10
8,9,4,22,30
8,9,4,23,20
8,9,4,25,30
8,9,4,12,30
8,9,4,15,60
8,9,2,16,130
8,9,2,3,40
8,9,2,26,70
8,9,2,4,510
8,9,2,17,160
8,9,2,18,150
8,9,2,5,260
8,9,2,19,120
8,9,2,13,590
8,9,2,6,140
8,9,2,21,60
8,9,2,1,350
8,9,2,7,70
8,9,2,8,110
8,9,2,22,90
8,9,2,14,30
8,9,2,27,260
8,9,2,23,150
8,9,2,24,40
8,9,2,25,110
8,9,2,12,660
8,9,2,15,170
8,9,3,4,80
8,9,3,18,20
8,9,3,5,10
8,9,3,13,180
8,9,3,1,90
8,9,3,8,60
8,9,3,14,10
8,9,3,27,180
8,9,3,25,10
8,9,3,12,150
8,9,5,4,10
8,9,5,13,20
8,9,5,1,20
8,9,5,12,30
8,10,1,16,30
8,10,1,17,30
8,10,1,19,10
8,10,1,6,10
8,10,1,21,20
8,10,1,7,20
8,10,1,22,10
8,10,1,24,10
8,10,1,25,10
8,10,1,15,20
8,10,4,16,40
8,10,4,26,10
8,10,4,17,150
8,10,4,18,30
8,10,4,19,60
8,10,4,6,90
8,10,4,21,100
8,10,4,7,30
8,10,4,14,10
8,10,4,23,100
8,10,4,24,20
8,10,4,25,40
8,10,4,15,30
8,10,2,16,40
8,10,2,26,20
8,10,2,17,50
8,10,2,18,70
8,10,2,19,10
8,10,2,6,210
8,10,2,21,40
8,10,2,1,10
8,10,2,7,60
8,10,2,8,50
8,10,2,22,30
8,10,2,23,40
8,10,2,24,20
8,10,2,25,60
8,10,2,15,90
8,10,3,6,30
8,10,3,1,10
8,10,3,7,10
8,10,3,8,20
9,1,1,18,20
9,1,2,2,20
9,1,2,3,70
9,1,2,4,50
9,1,2,17,10
9,1,2,5,530
9,1,2,13,10
9,1,2,21,10
9,1,2,1,10
9,1,2,8,130
9,1,2,14,70
9,1,2,10,500
9,1,2,12,150
9,1,2,28,20
9,1,3,2,10
9,1,3,3,10
9,1,3,4,80
9,1,3,18,10
9,1,3,5,160
9,1,3,13,130
9,1,3,1,120
9,1,3,7,10
9,1,3,8,60
9,1,3,14,160
9,1,3,10,80
9,1,3,12,120
9,1,3,15,10
9,2,1,16,10
9,2,1,19,30
9,2,1,7,20
9,2,4,16,20
9,2,4,18,10
9,2,4,19,20
9,2,4,20,30
9,2,4,21,20
9,2,4,1,60
9,2,4,7,30
9,2,4,22,30
9,2,4,23,10
9,2,4,12,20
9,2,4,28,30
9,2,2,2,140
9,2,2,16,10
9,2,2,4,680
9,2,2,17,120
9,2,2,18,80
9,2,2,5,560
9,2,2,19,70
9,2,2,20,210
9,2,2,13,490
9,2,2,21,50
9,2,2,1,650
9,2,2,7,160
9,2,2,8,290
9,2,2,22,10
9,2,2,14,620
9,2,2,10,200
9,2,2,23,20
9,2,2,25,30
9,2,2,12,520
9,2,2,28,300
9,2,2,15,60
9,2,3,2,20
9,2,3,4,120
9,2,3,17,20
9,2,3,5,40
9,2,3,20,20
9,2,3,13,140
9,2,3,21,10
9,2,3,1,120
9,2,3,8,50
9,2,3,14,40
9,2,3,10,10
9,2,3,12,200
9,2,3,28,30
9,2,5,12,10
9,3,1,14,20
9,3,4,21,10
9,3,4,28,10
9,3,2,16,10
9,3,2,4,240
9,3,2,5,200
9,3,2,19,10
9,3,2,20,30
9,3,2,13,460
9,3,2,21,10
9,3,2,1,80
9,3,2,8,90
9,3,2,14,230
9,3,2,12,310
9,3,2,28,70
9,3,2,15,20
9,3,3,4,110
9,3,3,5,80
9,3,3,20,10
9,3,3,13,250
9,3,3,1,110
9,3,3,8,110
9,3,3,14,20
9,3,3,12,130
9,3,3,28,20
9,3,5,13,10
9,3,5,1,10
9,3,5,12,20
9,4,1,16,80
9,4,1,18,20
9,4,1,7,30
9,4,1,22,10
9,4,1,23,10
9,4,1,28,210
9,4,1,15,20
9,4,4,16,80
9,4,4,17,180
9,4,4,18,20
9,4,4,19,70
9,4,4,20,20
9,4,4,21,80
9,4,4,7,30
9,4,4,22,40
9,4,4,23,80
9,4,4,25,20
9,4,4,28,110
9,4,4,15,40
9,4,2,16,130
9,4,2,4,550
9,4,2,17,340
9,4,2,18,130
9,4,2,5,550
9,4,2,19,170
9,4,2,20,70
9,4,2,13,700
9,4,2,21,140
9,4,2,1,590
9,4,2,7,120
9,4,2,8,450
9,4,2,22,50
9,4,2,14,410
9,4,2,23,80
9,4,2,25,10
9,4,2,12,250
9,4,2,28,840
9,4,2,15,230
9,4,3,16,20
9,4,3,4,250
9,4,3,17,60
9,4,3,18,20
9,4,3,5,180
9,4,3,20,10
9,4,3,13,830
9,4,3,21,10
9,4,3,1,310
9,4,3,7,10
9,4,3,8,200
9,4,3,22,20
9,4,3,14,100
9,4,3,12,490
9,4,3,28,280
9,4,3,15,40
9,5,1,18,10
9,5,1,23,10
9,5,4,16,20
9,5,4,17,40
9,5,4,18,10
9,5,4,19,20
9,5,4,21,30
9,5,4,7,30
9,5,4,22,20
9,5,4,23,20
9,5,4,25,10
9,5,4,28,80
9,5,4,15,30
9,5,2,16,40
9,5,2,4,500
9,5,2,17,100
9,5,2,18,30
9,5,2,5,250
9,5,2,19,10
9,5,2,13,340
9,5,2,21,110
9,5,2,1,430
9,5,2,7,30
9,5,2,8,260
9,5,2,22,10
9,5,2,14,280
9,5,2,23,40
9,5,2,25,40
9,5,2,12,420
9,5,2,28,210
9,5,2,15,50
9,5,3,4,100
9,5,3,17,10
9,5,3,18,10
9,5,3,5,10
9,5,3,19,10
9,5,3,13,230
9,5,3,21,10
9,5,3,1,120
9,5,3,8,20
9,5,3,14,60
9,5,3,23,10
9,5,3,12,50
9,5,3,28,10
9,5,5,4,30
9,5,5,5,20
9,5,5,13,40
9,5,5,1,10
9,5,5,8,20
9,5,5,14,10
9,5,5,12,60
9,5,5,28,10
9,6,1,18,10
9,6,1,7,10
9,6,1,28,10
9,6,4,16,30
9,6,4,17,20
9,6,4,18,20
9,6,4,19,30
9,6,4,21,40
9,6,4,7,10
9,6,4,22,30
9,6,4,14,10
9,6,4,23,40
9,6,4,25,20
9,6,4,28,30
9,6,4,15,30
9,6,2,16,60
9,6,2,4,190
9,6,2,17,50
9,6,2,18,30
9,6,2,5,140
9,6,2,19,50
9,6,2,20,20
9,6,2,13,110
9,6,2,21,50
9,6,2,1,70
9,6,2,7,60
9,6,2,8,140
9,6,2,22,30
9,6,2,14,90
9,6,2,23,20
9,6,2,25,10
9,6,2,12,80
9,6,2,28,190
9,6,2,15,20
9,6,3,2,10
9,6,3,16,30
9,6,3,4,120
9,6,3,17,10
9,6,3,18,10
9,6,3,5,60
9,6,3,13,120
9,6,3,1,40
9,6,3,8,50
9,6,3,22,10
9,6,3,14,20
9,6,3,12,80
9,6,3,28,30
9,6,3,15,10
9,7,1,16,10
9,7,1,7,40
9,7,1,23,10
9,7,1,28,20
9,7,1,15,10
9,7,4,16,20
9,7,4,17,80
9,7,4,18,40
9,7,4,19,40
9,7,4,21,60
9,7,4,7,60
9,7,4,22,30
9,7,4,23,50
9,7,4,25,20
9,7,4,28,240
9,7,4,15,10
9,7,2,16,30
9,7,2,3,10
9,7,2,4,130
9,7,2,17,140
9,7,2,18,50
9,7,2,5,100
9,7,2,19,50
9,7,2,13,300
9,7,2,21,130
9,7,2,1,210
9,7,2,7,60
9,7,2,8,280
9,7,2,22,40
9,7,2,14,60
9,7,2,23,40
9,7,2,12,300
9,7,2,28,430
9,7,2,15,50
9,7,3,4,70
9,7,3,17,20
9,7,3,5,10
9,7,3,19,10
9,7,3,13,350
9,7,3,1,90
9,7,3,7,10
9,7,3,8,60
9,7,3,14,10
9,7,3,12,30
9,7,3,28,40
9,7,3,15,10
9,7,5,4,10
9,7,5,5,10
9,7,5,13,10
9,7,5,1,10
9,7,5,8,10
9,7,5,12,10
9,8,1,19,10
9,8,4,16,20
9,8,4,17,50
9,8,4,19,30
9,8,4,21,50
9,8,4,22,50
9,8,4,25,20
9,8,4,15,60
9,8,2,17,30
9,8,2,19,20
9,8,2,13,320
9,8,2,21,20
9,8,2,22,10
9,8,2,25,10
9,8,2,15,90
9,8,3,13,50
9,8,5,13,20
9,9,1,16,20
9,9,1,18,20
9,9,1,1,330
9,9,1,8,70
9,9,1,22,50
9,9,1,28,10
9,9,4,16,70
9,9,4,17,110
9,9,4,18,30
9,9,4,19,10
9,9,4,21,20
9,9,4,7,10
9,9,4,23,70
9,9,4,25,50
9,9,4,12,20
9,9,4,28,40
9,9,4,15,80
9,9,2,16,140
9,9,2,3,40
9,9,2,4,500
9,9,2,17,140
9,9,2,18,160
9,9,2,5,260
9,9,2,19,130
9,9,2,13,620
9,9,2,21,60
9,9,2,1,310
9,9,2,7,70
9,9,2,8,120
9,9,2,22,130
9,9,2,14,40
9,9,2,27,280
9,9,2,23,160
9,9,2,25,80
9,9,2,12,690
9,9,2,28,280
9,9,2,15,210
9,9,3,16,10
9,9,3,4,80
9,9,3,18,20
9,9,3,13,140
9,9,3,1,100
9,9,3,8,70
9,9,3,14,10
9,9,3,27,150
9,9,3,12,150
9,9,5,4,10
9,9,5,13,20
9,9,5,1,20
9,9,5,27,20
9,9,5,12,30
9,10,1,16,30
9,10,1,17,20
9,10,1,19,10
9,10,1,21,20
9,10,1,7,30
9,10,1,22,20
9,10,1,28,20
9,10,1,15,20
9,10,4,16,40
9,10,4,17,140
9,10,4,18,40
9,10,4,19,70
9,10,4,21,80
9,10,4,7,30
9,10,4,22,20
9,10,4,14,20
9,10,4,23,60
9,10,4,25,40
9,10,4,28,140
9,10,4,15,30
9,10,2,16,50
9,10,2,17,70
9,10,2,18,20
9,10,2,21,30
9,10,2,1,10
9,10,2,7,60
9,10,2,8,60
9,10,2,22,30
9,10,2,23,30
9,10,2,25,50
9,10,2,28,270
9,10,2,15,80
9,10,3,18,10
9,10,3,1,10
9,10,3,7,10
9,10,3,8,20
9,10,3,28,30
10,1,1,18,10
10,1,1,21,10
10,1,1,14,10
10,1,2,2,20
10,1,2,3,70
10,1,2,4,70
10,1,2,17,10
10,1,2,5,600
10,1,2,13,10
10,1,2,21,20
10,1,2,1,10
10,1,2,8,210
10,1,2,14,60
10,1,2,10,480
10,1,2,12,150
10,1,2,28,30
10,1,3,2,10
10,1,3,4,100
10,1,3,17,10
10,1,3,5,160
10,1,3,13,130
10,1,3,1,130
10,1,3,7,10
10,1,3,8,60
10,1,3,14,170
10,1,3,10,90
10,1,3,12,130
10,2,1,16,10
10,2,1,19,20
10,2,1,7,10
10,2,1,15,10
10,2,4,16,10
10,2,4,18,20
10,2,4,19,30
10,2,4,20,20
10,2,4,21,20
10,2,4,1,50
10,2,4,7,30
10,2,4,22,20
10,2,4,23,10
10,2,4,25,10
10,2,4,12,20
10,2,4,28,30
10,2,2,2,140
10,2,2,16,30
10,2,2,4,720
10,2,2,17,130
10,2,2,18,80
10,2,2,5,500
10,2,2,19,50
10,2,2,20,210
10,2,2,13,500
10,2,2,21,50
10,2,2,1,580
10,2,2,7,130
10,2,2,8,270
10,2,2,22,20
10,2,2,14,590
10,2,2,10,220
10,2,2,23,30
10,2,2,25,30
10,2,2,12,520
10,2,2,28,320
10,2,2,15,50
10,2,3,2,20
10,2,3,4,90
10,2,3,17,20
10,2,3,5,30
10,2,3,20,20
10,2,3,13,130
10,2,3,21,10
10,2,3,1,110
10,2,3,8,50
10,2,3,14,70
10,2,3,10,20
10,2,3,12,220
10,2,3,28,30
10,2,5,4,10
10,2,5,12,10
10,3,1,14,20
10,3,4,28,10
10,3,2,16,10
10,3,2,4,230
10,3,2,5,270
10,3,2,19,20
10,3,2,20,40
10,3,2,13,510
10,3,2,21,10
10,3,2,1,90
10,3,2,8,110
10,3,2,14,230
10,3,2,12,300
10,3,2,28,80
10,3,2,15,20
10,3,3,4,110
10,3,3,5,90
10,3,3,20,10
10,3,3,13,300
10,3,3,1,150
10,3,3,8,100
10,3,3,14,20
10,3,3,12,140
10,3,3,28,10
10,3,5,13,10
10,3,5,1,10
10,3,5,12,20
10,4,1,16,60
10,4,1,18,30
10,4,1,7,30
10,4,1,22,10
10,4,1,23,10
10,4,1,28,190
10,4,1,15,10
10,4,4,16,90
10,4,4,17,170
10,4,4,18,20
10,4,4,19,70
10,4,4,20,20
10,4,4,21,60
10,4,4,7,30
10,4,4,22,20
10,4,4,23,50
10,4,4,25,10
10,4,4,28,120
10,4,4,15,60
10,4,2,16,160
10,4,2,4,510
10,4,2,17,370
10,4,2,18,140
10,4,2,5,620
10,4,2,19,160
10,4,2,20,60
10,4,2,13,700
10,4,2,21,160
10,4,2,1,590
10,4,2,7,150
10,4,2,8,540
10,4,2,22,70
10,4,2,14,530
10,4,2,23,110
10,4,2,25,20
10,4,2,12,260
10,4,2,28,850
10,4,2,15,210
10,4,3,16,20
10,4,3,4,310
10,4,3,17,60
10,4,3,18,30
10,4,3,5,200
10,4,3,19,10
10,4,3,13,790
10,4,3,21,10
10,4,3,1,400
10,4,3,7,10
10,4,3,8,230
10,4,3,22,10
10,4,3,14,130
10,4,3,12,700
10,4,3,28,300
10,4,3,15,40
10,5,1,23,10
10,5,4,16,10
10,5,4,17,30
10,5,4,18,10
10,5,4,19,20
10,5,4,21,30
10,5,4,7,30
10,5,4,22,10
10,5,4,23,20
10,5,4,25,10
10,5,4,28,110
10,5,4,15,30
10,5,2,16,60
10,5,2,4,490
10,5,2,17,90
10,5,2,18,20
10,5,2,5,230
10,5,2,19,30
10,5,2,13,370
10,5,2,21,120
10,5,2,1,460
10,5,2,7,50
10,5,2,8,270
10,5,2,22,10
10,5,2,14,300
10,5,2,23,40
10,5,2,25,30
10,5,2,12,410
10,5,2,28,230
10,5,2,15,40
10,5,3,16,10
10,5,3,4,90
10,5,3,17,10
10,5,3,18,20
10,5,3,5,10
10,5,3,19,10
10,5,3,13,250
10,5,3,21,10
10,5,3,1,100
10,5,3,8,20
10,5,3,14,60
10,5,3,23,10
10,5,3,12,80
10,5,3,28,10
10,5,5,4,30
10,5,5,5,20
10,5,5,13,30
10,5,5,1,20
10,5,5,8,20
10,5,5,14,10
10,5,5,12,60
10,5,5,28,10
10,5,5,15,10
10,6,1,7,10
10,6,1,28,10
10,6,4,16,30
10,6,4,17,20
10,6,4,18,10
10,6,4,19,20
10,6,4,21,30
10,6,4,7,20
10,6,4,22,40
10,6,4,23,40
10,6,4,25,20
10,6,4,28,40
10,6,4,15,30
10,6,2,16,50
10,6,2,4,190
10,6,2,17,60
10,6,2,18,30
10,6,2,5,150
10,6,2,19,70
10,6,2,20,30
10,6,2,13,110
10,6,2,21,80
10,6,2,1,60
10,6,2,7,80
10,6,2,8,150
10,6,2,22,40
10,6,2,14,80
10,6,2,23,20
10,6,2,25,20
10,6,2,12,90
10,6,2,28,220
10,6,2,15,60
10,6,3,2,10
10,6,3,16,30
10,6,3,4,140
10,6,3,17,30
10,6,3,18,20
10,6,3,5,80
10,6,3,13,110
10,6,3,1,40
10,6,3,8,70
10,6,3,22,20
10,6,3,14,20
10,6,3,12,80
10,6,3,28,40
10,7,1,7,30
10,7,1,23,10
10,7,1,28,10
10,7,1,15,10
10,7,4,16,30
10,7,4,17,120
10,7,4,18,40
10,7,4,19,50
10,7,4,21,70
10,7,4,7,60
10,7,4,22,30
10,7,4,23,80
10,7,4,25,10
10,7,4,28,210
10,7,4,15,20
10,7,2,16,20
10,7,2,3,10
10,7,2,4,160
10,7,2,17,230
10,7,2,18,40
10,7,2,5,90
10,7,2,19,30
10,7,2,13,250
10,7,2,21,110
10,7,2,1,230
10,7,2,7,70
10,7,2,8,270
10,7,2,22,30
10,7,2,14,60
10,7,2,23,40
10,7,2,25,10
10,7,2,12,310
10,7,2,28,480
10,7,2,15,40
10,7,3,4,70
10,7,3,17,10
10,7,3,5,10
10,7,3,19,10
10,7,3,13,440
10,7,3,1,120
10,7,3,8,60
10,7,3,14,10
10,7,3,12,40
10,7,3,28,60
10,7,3,15,20
10,7,5,4,10
10,7,5,13,20
10,7,5,1,10
10,7,5,8,10
10,7,5,12,10
10,8,1,19,10
10,8,1,21,30
10,8,4,16,20
10,8,4,17,30
10,8,4,18,10
10,8,4,19,20
10,8,4,21,30
10,8,4,22,50
10,8,4,25,20
10,8,4,15,50
10,8,2,17,40
10,8,2,19,30
10,8,2,13,290
10,8,2,21,50
10,8,2,22,30
10,8,2,25,20
10,8,2,15,80
10,8,3,4,10
10,8,3,13,40
10,8,5,13,10
10,9,1,16,30
10,9,1,18,20
10,9,1,1,150
10,9,1,8,60
10,9,1,22,50
10,9,1,28,10
10,9,4,16,60
10,9,4,17,90
10,9,4,18,50
10,9,4,19,20
10,9,4,21,10
10,9,4,7,20
10,9,4,23,60
10,9,4,25,30
10,9,4,12,20
10,9,4,28,30
10,9,4,15,80
10,9,2,16,190
10,9,2,3,40
10,9,2,4,470
10,9,2,17,130
10,9,2,18,130
10,9,2,5,210
10,9,2,19,140
10,9,2,13,590
10,9,2,21,50
10,9,2,1,330
10,9,2,7,70
10,9,2,8,120
10,9,2,22,110
10,9,2,14,40
10,9,2,27,290
10,9,2,23,190
10,9,2,25,100
10,9,2,12,680
10,9,2,28,280
10,9,2,15,250
10,9,3,4,90
10,9,3,18,20
10,9,3,5,10
10,9,3,13,170
10,9,3,1,120
10,9,3,8,70
10,9,3,14,10
10,9,3,27,190
10,9,3,25,10
10,9,3,12,130
10,9,3,28,10
10,9,3,15,10
10,9,5,4,10
10,9,5,5,10
10,9,5,13,30
10,9,5,27,10
10,9,5,12,20
10,10,1,16,30
10,10,1,17,20
10,10,1,19,10
10,10,1,21,20
10,10,1,7,20
10,10,1,22,20
10,10,1,28,20
10,10,1,15,20
10,10,4,16,30
10,10,4,17,120
10,10,4,18,40
10,10,4,19,60
10,10,4,21,60
10,10,4,7,40
10,10,4,22,10
10,10,4,14,10
10,10,4,23,50
10,10,4,25,30
10,10,4,28,130
10,10,4,15,20
10,10,2,16,10
10,10,2,17,60
10,10,2,18,40
10,10,2,19,10
10,10,2,21,40
10,10,2,1,10
10,10,2,7,60
10,10,2,8,50
10,10,2,22,30
10,10,2,23,20
10,10,2,25,50
10,10,2,28,310
10,10,2,15,100
10,10,3,18,10
10,10,3,1,10
10,10,3,8,20
10,10,3,28,40
